ID,type,CHI2NU,Field_ID
DR4_3_STRIPE82-0021_0018170,2,1.16521225071766,5225_4125_STRIPE82-0021
DR4_3_STRIPE82-0023_0030869,2,4.91232406199335e-27,10725_10175_STRIPE82-0023
DR4_3_STRIPE82-0021_0005628,0,1.15521190414052,6875_1925_STRIPE82-0021
DR4_3_STRIPE82-0021_0006289,0,1.154948704069,7425_1925_STRIPE82-0021
DR4_3_STRIPE82-0021_0006591,0,1.154948704069,7425_1925_STRIPE82-0021
DR4_3_STRIPE82-0021_0006617,0,2.23423689149276,6325_1925_STRIPE82-0021
DR4_3_STRIPE82-0021_0006618,0,1.15521190414052,6875_1925_STRIPE82-0021
DR4_3_STRIPE82-0021_0006908,0,1.154948704069,7425_1925_STRIPE82-0021
DR4_3_STRIPE82-0021_0007031,0,1.22394845015888,9625_1925_STRIPE82-0021
DR4_3_STRIPE82-0021_0007625,0,1.154948704069,7425_1925_STRIPE82-0021
DR4_3_STRIPE82-0021_0009038,0,1.15023265051684,6875_2475_STRIPE82-0021
DR4_3_STRIPE82-0021_0009283,0,1.15023265051684,6875_2475_STRIPE82-0021
DR4_3_STRIPE82-0021_0009440,0,1.15023265051684,6875_2475_STRIPE82-0021
DR4_3_STRIPE82-0021_0009484,0,1.20335180985809,5775_2475_STRIPE82-0021
DR4_3_STRIPE82-0021_0010244,0,1.14487675569238,5225_2475_STRIPE82-0021
DR4_3_STRIPE82-0021_0010729,0,1.15207649260042,6325_2475_STRIPE82-0021
DR4_3_STRIPE82-0021_0010992,0,1.15207649260042,6325_2475_STRIPE82-0021
DR4_3_STRIPE82-0021_0011166,0,1.20335180985809,5775_2475_STRIPE82-0021
DR4_3_STRIPE82-0021_0011315,0,1.15207649260042,6325_2475_STRIPE82-0021
DR4_3_STRIPE82-0021_0011540,0,1.15273514008125,6875_3025_STRIPE82-0021
DR4_3_STRIPE82-0021_0012333,0,1.16770726601345,5775_3025_STRIPE82-0021
DR4_3_STRIPE82-0021_0012393,0,1.25447407757518,1925_3025_STRIPE82-0021
DR4_3_STRIPE82-0021_0012871,0,1.15279075456372,9625_3025_STRIPE82-0021
DR4_3_STRIPE82-0021_0012994,0,1.16770726601345,5775_3025_STRIPE82-0021
DR4_3_STRIPE82-0021_0013023,0,1.16770726601345,5775_3025_STRIPE82-0021
DR4_3_STRIPE82-0021_0013077,0,1.1656720768617,6875_3025_STRIPE82-0021
DR4_3_STRIPE82-0021_0013275,0,1.14349188553601,6325_3025_STRIPE82-0021
DR4_3_STRIPE82-0021_0013312,0,1.1656720768617,6875_3025_STRIPE82-0021
DR4_3_STRIPE82-0021_0013939,0,1.3215190747716,6325_3025_STRIPE82-0021
DR4_3_STRIPE82-0021_0013977,0,1.1656720768617,6875_3025_STRIPE82-0021
DR4_3_STRIPE82-0021_0015062,0,1.17630238011578,5775_3575_STRIPE82-0021
DR4_3_STRIPE82-0021_0015134,0,1.14704508678747,5775_3575_STRIPE82-0021
DR4_3_STRIPE82-0021_0015147,0,1.14818101752725,6875_3575_STRIPE82-0021
DR4_3_STRIPE82-0021_0015759,0,1.15004241320185,5225_3575_STRIPE82-0021
DR4_3_STRIPE82-0021_0015776,0,1.51626933581739,4675_3575_STRIPE82-0021
DR4_3_STRIPE82-0021_0015909,0,1.14908421835527,3575_3575_STRIPE82-0021
DR4_3_STRIPE82-0021_0015995,0,1.15004241320185,5225_3575_STRIPE82-0021
DR4_3_STRIPE82-0021_0016250,0,1.21591704642285,7425_3575_STRIPE82-0021
DR4_3_STRIPE82-0021_0016477,0,1.15531918787507,7975_3025_STRIPE82-0021
DR4_3_STRIPE82-0021_0017008,0,1.16123615805153,6325_3575_STRIPE82-0021
DR4_3_STRIPE82-0021_0017300,0,1.17630238011578,5775_3575_STRIPE82-0021
DR4_3_STRIPE82-0021_0018054,0,1.16521225071766,5225_4125_STRIPE82-0021
DR4_3_STRIPE82-0021_0018414,0,1.15875363092016,4125_4125_STRIPE82-0021
DR4_3_STRIPE82-0021_0018607,0,1.16521225071766,5225_4125_STRIPE82-0021
DR4_3_STRIPE82-0021_0018760,0,1.18850191954488,7975_4125_STRIPE82-0021
DR4_3_STRIPE82-0021_0018764,0,1.16534855544582,4675_4125_STRIPE82-0021
DR4_3_STRIPE82-0021_0018845,0,1.14749158190057,9075_4125_STRIPE82-0021
DR4_3_STRIPE82-0021_0018884,0,1.16534855544582,4675_4125_STRIPE82-0021
DR4_3_STRIPE82-0021_0019386,0,1.15875363092016,4125_4125_STRIPE82-0021
DR4_3_STRIPE82-0021_0019980,0,1.16521225071766,5225_4125_STRIPE82-0021
DR4_3_STRIPE82-0021_0020002,0,1.16297690194167,4675_4125_STRIPE82-0021
DR4_3_STRIPE82-0021_0020081,0,1.16534855544582,4675_4125_STRIPE82-0021
DR4_3_STRIPE82-0021_0020107,0,1.32116989142534,7425_4125_STRIPE82-0021
DR4_3_STRIPE82-0021_0020268,0,1.16521225071766,5225_4125_STRIPE82-0021
DR4_3_STRIPE82-0021_0021348,0,1.16935699989185,1925_4675_STRIPE82-0021
DR4_3_STRIPE82-0021_0021565,0,1.27978456229852,6325_4675_STRIPE82-0021
DR4_3_STRIPE82-0021_0021733,0,1.15388331557691,3575_4675_STRIPE82-0021
DR4_3_STRIPE82-0021_0021833,0,1.16056847121364,4125_4675_STRIPE82-0021
DR4_3_STRIPE82-0021_0021862,0,2.3360792779148,4675_4675_STRIPE82-0021
DR4_3_STRIPE82-0021_0022088,0,1.27978456229852,6325_4675_STRIPE82-0021
DR4_3_STRIPE82-0021_0022103,0,1.24487197419345,7975_4675_STRIPE82-0021
DR4_3_STRIPE82-0021_0022302,0,1.15735983909825,5225_4675_STRIPE82-0021
DR4_3_STRIPE82-0021_0022490,0,1.24487197419345,7975_4675_STRIPE82-0021
DR4_3_STRIPE82-0021_0022600,0,1.16073999565522,6875_4675_STRIPE82-0021
DR4_3_STRIPE82-0021_0023142,0,1.40501492560522,5775_4675_STRIPE82-0021
DR4_3_STRIPE82-0021_0023248,0,1.26597609868108,3575_4675_STRIPE82-0021
DR4_3_STRIPE82-0021_0023684,0,1.1630846646937,2475_5225_STRIPE82-0021
DR4_3_STRIPE82-0021_0023747,0,1.85695888194079,7975_5225_STRIPE82-0021
DR4_3_STRIPE82-0021_0023844,0,1.13401719733492,4675_4125_STRIPE82-0021
DR4_3_STRIPE82-0021_0024532,0,1.15034318228318,5225_5225_STRIPE82-0021
DR4_3_STRIPE82-0021_0024562,0,1.14953235682063,3575_5225_STRIPE82-0021
DR4_3_STRIPE82-0021_0024845,0,1.16005521013844,7425_5225_STRIPE82-0021
DR4_3_STRIPE82-0021_0025729,0,1.19915096388071,1925_5225_STRIPE82-0021
DR4_3_STRIPE82-0021_0026005,0,1.27438976607256,4125_5225_STRIPE82-0021
DR4_3_STRIPE82-0021_0026659,0,1.16623676773935,3025_5775_STRIPE82-0021
DR4_3_STRIPE82-0021_0027154,0,1.1560806053473,5225_5775_STRIPE82-0021
DR4_3_STRIPE82-0021_0027418,0,1.15696417136103,6325_5775_STRIPE82-0021
DR4_3_STRIPE82-0021_0028103,0,1.16732730047728,2475_5775_STRIPE82-0021
DR4_3_STRIPE82-0021_0028807,0,1.1560806053473,5225_5775_STRIPE82-0021
DR4_3_STRIPE82-0021_0028819,0,1.47022740790005,4675_6875_STRIPE82-0021
DR4_3_STRIPE82-0021_0028902,0,1.16623676773935,3025_5775_STRIPE82-0021
DR4_3_STRIPE82-0021_0028973,0,1.15709097024476,4675_5775_STRIPE82-0021
DR4_3_STRIPE82-0021_0029011,0,1.15709097024476,4675_5775_STRIPE82-0021
DR4_3_STRIPE82-0021_0030191,0,1.19932149145879,2475_6325_STRIPE82-0021
DR4_3_STRIPE82-0021_0030368,0,1.97901097432241,4125_6325_STRIPE82-0021
DR4_3_STRIPE82-0021_0030606,0,1.15460685188212,3575_6325_STRIPE82-0021
DR4_3_STRIPE82-0021_0030692,0,1.15013304242944,3025_6325_STRIPE82-0021
DR4_3_STRIPE82-0021_0031102,0,1.97901097432241,4125_6325_STRIPE82-0021
DR4_3_STRIPE82-0021_0032603,0,1.47022740790005,4675_6875_STRIPE82-0021
DR4_3_STRIPE82-0021_0032706,0,1.154376749797,3025_6875_STRIPE82-0021
DR4_3_STRIPE82-0021_0032832,0,1.15489686755574,4125_6875_STRIPE82-0021
DR4_3_STRIPE82-0021_0033317,0,1.15489686755574,4125_6875_STRIPE82-0021
DR4_3_STRIPE82-0021_0033478,0,1.47022740790005,4675_6875_STRIPE82-0021
DR4_3_STRIPE82-0021_0033845,0,1.15489686755574,4125_6875_STRIPE82-0021
DR4_3_STRIPE82-0021_0034313,0,1.15489686755574,4125_6875_STRIPE82-0021
DR4_3_STRIPE82-0021_0035009,0,1.33522029969864,3025_7425_STRIPE82-0021
DR4_3_STRIPE82-0021_0035564,0,1.14972066216895,6325_9075_STRIPE82-0021
DR4_3_STRIPE82-0021_0035568,0,1.14972066216895,6325_9075_STRIPE82-0021
DR4_3_STRIPE82-0021_0035917,0,1.15984880577741,3025_9075_STRIPE82-0021
DR4_3_STRIPE82-0021_0037842,0,1.19706406894378,2475_8525_STRIPE82-0021
DR4_3_STRIPE82-0021_0038617,0,1.15626192380501,3575_8525_STRIPE82-0021
DR4_3_STRIPE82-0021_0038766,0,1.26498902477843,3575_7975_STRIPE82-0021
DR4_3_STRIPE82-0021_0039857,0,1.16274609116614,4675_8525_STRIPE82-0021
DR4_3_STRIPE82-0021_0040339,0,1.26498902477843,3575_7975_STRIPE82-0021
DR4_3_STRIPE82-0021_0040601,0,1.17851452587608,3025_7975_STRIPE82-0021
DR4_3_STRIPE82-0021_0040917,0,1.17447927637297,7975_7975_STRIPE82-0021
DR4_3_STRIPE82-0021_0041520,0,1.21283431611652,4125_7425_STRIPE82-0021
DR4_3_STRIPE82-0021_0041789,0,1.26498902477843,3575_7975_STRIPE82-0021
DR4_3_STRIPE82-0021_0042016,0,1.26498902477843,3575_7975_STRIPE82-0021
DR4_3_STRIPE82-0021_0042022,0,1.30250643880991,4675_7975_STRIPE82-0021
DR4_3_STRIPE82-0021_0042968,0,1.16255783432125,2475_7425_STRIPE82-0021
DR4_3_STRIPE82-0021_0043159,0,1.15016069512547,3575_7425_STRIPE82-0021
DR4_3_STRIPE82-0021_0043257,0,1.15016069512547,3575_7425_STRIPE82-0021
DR4_3_STRIPE82-0021_0043882,0,1.16255783432125,2475_7425_STRIPE82-0021
DR4_3_STRIPE82-0021_0044396,0,1.15904700317621,4125_7425_STRIPE82-0021
DR4_3_STRIPE82-0021_0044407,0,1.21283431611652,4125_7425_STRIPE82-0021
DR4_3_STRIPE82-0021_0044589,0,1.15016069512547,3575_7425_STRIPE82-0021
DR4_3_STRIPE82-0021_0045030,0,1.86312066137739,5225_10175_STRIPE82-0021
DR4_3_STRIPE82-0021_0045304,0,1.17217665996975,6875_9075_STRIPE82-0021
DR4_3_STRIPE82-0021_0045707,0,1.14590385553961,9075_7425_STRIPE82-0021
DR4_3_STRIPE82-0021_0046597,0,1.15489686755574,4125_6875_STRIPE82-0021
DR4_3_STRIPE82-0021_0046959,0,1.16188302491272,4125_8525_STRIPE82-0021
DR4_3_STRIPE82-0021_0047499,0,1.16585386970329,7425_9625_STRIPE82-0021
DR4_3_STRIPE82-0021_0047531,0,1.15342110662225,4675_9625_STRIPE82-0021
DR4_3_STRIPE82-0021_0047721,0,1.16256781787897,4675_9625_STRIPE82-0021
DR4_3_STRIPE82-0021_0048577,0,1.15076462013197,5775_9625_STRIPE82-0021
DR4_3_STRIPE82-0021_0048969,0,1.15768684613012,6875_9625_STRIPE82-0021
DR4_3_STRIPE82-0021_0049348,0,1.15982095477251,4675_9075_STRIPE82-0021
DR4_3_STRIPE82-0022_0001220,0,1.46454155529951,5775_1375_STRIPE82-0022
DR4_3_STRIPE82-0022_0001409,0,1.46454155529951,5775_1375_STRIPE82-0022
DR4_3_STRIPE82-0022_0002436,0,1.20842126010915,7975_1375_STRIPE82-0022
DR4_3_STRIPE82-0022_0002470,0,1.46454155529951,5775_1375_STRIPE82-0022
DR4_3_STRIPE82-0022_0002471,0,1.1677669147436,6875_1375_STRIPE82-0022
DR4_3_STRIPE82-0022_0002851,0,1.57035629986902,4125_1375_STRIPE82-0022
DR4_3_STRIPE82-0022_0003145,0,1.14039501246901,4125_1375_STRIPE82-0022
DR4_3_STRIPE82-0022_0004557,0,1.1580341357667,7425_2475_STRIPE82-0022
DR4_3_STRIPE82-0022_0005930,0,1.1712451367075,4675_2475_STRIPE82-0022
DR4_3_STRIPE82-0022_0006062,0,1.1569001943857,6325_2475_STRIPE82-0022
DR4_3_STRIPE82-0022_0006665,0,1.15493843958229,5775_2475_STRIPE82-0022
DR4_3_STRIPE82-0022_0007205,0,1.17906602769484,6325_3025_STRIPE82-0022
DR4_3_STRIPE82-0023_0013290,0,34.9875718509852,10725_3575_STRIPE82-0023
DR4_3_STRIPE82-0023_0018960,0,1.15629378126375,9625_4675_STRIPE82-0023
DR4_3_STRIPE82-0023_0036436,0,35.800418863805,10725_8525_STRIPE82-0023
DR4_3_STRIPE82-0023_0037110,0,35.800418863805,10725_8525_STRIPE82-0023
DR4_3_STRIPE82-0023_0038953,0,1.15408222935444,10175_8525_STRIPE82-0023
DR4_3_STRIPE82-0022_0002767,0,1.15032116391881,6325_1375_STRIPE82-0022
DR4_3_STRIPE82-0022_0002654,0,1.18369741927836,6325_1375_STRIPE82-0022
DR4_3_STRIPE82-0022_0003292,0,1.15173067038016,6325_1925_STRIPE82-0022
DR4_3_STRIPE82-0021_0019188,0,1.14619543674061,6875_4125_STRIPE82-0021
DR4_3_STRIPE82-0021_0008815,0,1.15041995732731,9075_2475_STRIPE82-0021
DR4_3_STRIPE82-0019_0020610,1,28.381711514248,1375_5775_STRIPE82-0019
DR4_3_STRIPE82-0021_0006200,1,1.14602347641259,5775_1925_STRIPE82-0021
DR4_3_STRIPE82-0021_0011708,1,1.14323856093815,3575_2475_STRIPE82-0021
DR4_3_STRIPE82-0021_0012076,1,1.20335180985809,5775_2475_STRIPE82-0021
DR4_3_STRIPE82-0021_0016813,1,1.15636899460157,2475_3025_STRIPE82-0021
DR4_3_STRIPE82-0021_0043620,1,1.74683088815354,5775_7425_STRIPE82-0021
DR4_3_STRIPE82-0021_0043260,1,1.15016069512547,3575_7425_STRIPE82-0021
DR4_3_STRIPE82-0021_0041911,1,1.17012436393856,5775_7975_STRIPE82-0021
DR4_3_STRIPE82-0021_0042361,1,1.15386851697091,6325_7425_STRIPE82-0021
DR4_3_STRIPE82-0021_0042538,1,1.15386851697091,6325_7425_STRIPE82-0021
DR4_3_STRIPE82-0021_0018438,1,1.14619543674061,6875_4125_STRIPE82-0021
DR4_3_STRIPE82-0021_0020883,1,1.14619543674061,6875_4125_STRIPE82-0021
DR4_3_STRIPE82-0027_0036405,0,1.15910457350663,1375_9075_STRIPE82-0027
DR4_3_STRIPE82-0027_0040486,0,1.38807778554363,2475_10175_STRIPE82-0027
DR4_3_STRIPE82-0027_0040861,0,1.38807778554363,2475_10175_STRIPE82-0027
DR4_3_STRIPE82-0027_0041193,0,1.18185968512259,3025_9075_STRIPE82-0027
DR4_3_STRIPE82-0027_0043128,0,1.43829976199164,3025_10175_STRIPE82-0027
DR4_3_STRIPE82-0027_0044100,0,1.15486680753898,6325_9075_STRIPE82-0027
DR4_3_STRIPE82-0027_0044840,0,1.16835353452234,3575_9625_STRIPE82-0027
DR4_3_STRIPE82-0027_0045048,0,1.16835353452234,3575_9625_STRIPE82-0027
DR4_3_STRIPE82-0027_0045472,0,1.35749398143367,3025_9625_STRIPE82-0027
DR4_3_STRIPE82-0028_0001477,0,1.53142268318488,2475_1375_STRIPE82-0028
DR4_3_STRIPE82-0028_0001779,0,1.15087713495834,7425_1375_STRIPE82-0028
DR4_3_STRIPE82-0028_0001854,0,1.53142268318488,2475_1375_STRIPE82-0028
DR4_3_STRIPE82-0028_0002129,0,1.53142268318488,2475_1375_STRIPE82-0028
DR4_3_STRIPE82-0028_0002203,0,1.20507407491487,3575_1375_STRIPE82-0028
DR4_3_STRIPE82-0028_0002293,0,1.15087713495834,7425_1375_STRIPE82-0028
DR4_3_STRIPE82-0028_0002496,0,1.13860937013672,1375_1375_STRIPE82-0028
DR4_3_STRIPE82-0028_0002769,0,1.53142268318488,2475_1375_STRIPE82-0028
DR4_3_STRIPE82-0028_0003430,0,1.14111926631682,4125_1925_STRIPE82-0028
DR4_3_STRIPE82-0028_0003514,0,1.14962597333893,3575_1925_STRIPE82-0028
DR4_3_STRIPE82-0028_0003557,0,1.15011242483998,2475_1925_STRIPE82-0028
DR4_3_STRIPE82-0028_0004309,0,1.15011242483998,2475_1925_STRIPE82-0028
DR4_3_STRIPE82-0028_0004450,0,1.16296546113533,5775_1925_STRIPE82-0028
DR4_3_STRIPE82-0028_0004810,0,1.15011242483998,2475_1925_STRIPE82-0028
DR4_3_STRIPE82-0028_0004828,0,1.1457054137842,6875_1925_STRIPE82-0028
DR4_3_STRIPE82-0028_0004910,0,1.14728732293264,6325_1925_STRIPE82-0028
DR4_3_STRIPE82-0028_0005047,0,1.14514791303339,1925_2475_STRIPE82-0028
DR4_3_STRIPE82-0028_0005290,0,1.15167203102672,4125_2475_STRIPE82-0028
DR4_3_STRIPE82-0028_0005855,0,1.16610659422781,4675_2475_STRIPE82-0028
DR4_3_STRIPE82-0028_0005911,0,1.13966548467313,4675_1925_STRIPE82-0028
DR4_3_STRIPE82-0028_0005939,0,1.14643142089709,5225_2475_STRIPE82-0028
DR4_3_STRIPE82-0028_0006086,0,1.14529087965701,3025_2475_STRIPE82-0028
DR4_3_STRIPE82-0028_0006223,0,1.15167203102672,4125_2475_STRIPE82-0028
DR4_3_STRIPE82-0028_0006257,0,1.14333382440287,3575_2475_STRIPE82-0028
DR4_3_STRIPE82-0028_0006269,0,1.14529087965701,3025_2475_STRIPE82-0028
DR4_3_STRIPE82-0028_0006309,0,1.14529087965701,3025_2475_STRIPE82-0028
DR4_3_STRIPE82-0028_0006392,0,1.15167203102672,4125_2475_STRIPE82-0028
DR4_3_STRIPE82-0028_0006491,0,1.15533168290136,3575_2475_STRIPE82-0028
DR4_3_STRIPE82-0028_0006621,0,1.14529087965701,3025_2475_STRIPE82-0028
DR4_3_STRIPE82-0028_0007048,0,1.15857597564073,2475_2475_STRIPE82-0028
DR4_3_STRIPE82-0028_0007165,0,1.14529087965701,3025_2475_STRIPE82-0028
DR4_3_STRIPE82-0028_0007506,0,1.14529087965701,3025_2475_STRIPE82-0028
DR4_3_STRIPE82-0028_0007626,0,1.16147751173309,3575_3025_STRIPE82-0028
DR4_3_STRIPE82-0028_0007721,0,1.55166347955261,3025_3025_STRIPE82-0028
DR4_3_STRIPE82-0028_0007737,0,1.14335381432295,2475_3025_STRIPE82-0028
DR4_3_STRIPE82-0028_0008048,0,1.14627935873724,3575_3025_STRIPE82-0028
DR4_3_STRIPE82-0028_0008070,0,1.55166347955261,3025_3025_STRIPE82-0028
DR4_3_STRIPE82-0028_0008172,0,1.14660378594444,2475_3025_STRIPE82-0028
DR4_3_STRIPE82-0028_0008183,0,1.14660378594444,2475_3025_STRIPE82-0028
DR4_3_STRIPE82-0028_0008296,0,1.14660378594444,2475_3025_STRIPE82-0028
DR4_3_STRIPE82-0028_0008391,0,1.55166347955261,3025_3025_STRIPE82-0028
DR4_3_STRIPE82-0028_0008451,0,1.55166347955261,3025_3025_STRIPE82-0028
DR4_3_STRIPE82-0028_0008557,0,1.22670673270403,5225_3025_STRIPE82-0028
DR4_3_STRIPE82-0028_0008629,0,1.55166347955261,3025_3025_STRIPE82-0028
DR4_3_STRIPE82-0028_0008643,0,1.16147751173309,3575_3025_STRIPE82-0028
DR4_3_STRIPE82-0028_0008735,0,1.14660378594444,2475_3025_STRIPE82-0028
DR4_3_STRIPE82-0028_0009203,0,1.15184694589175,4125_3025_STRIPE82-0028
DR4_3_STRIPE82-0028_0009333,0,1.14228367692484,1925_3025_STRIPE82-0028
DR4_3_STRIPE82-0028_0010118,0,1.17476701680646,4675_3575_STRIPE82-0028
DR4_3_STRIPE82-0028_0010422,0,1.14760085075505,3575_3575_STRIPE82-0028
DR4_3_STRIPE82-0028_0010719,0,1.15350186983611,1375_3575_STRIPE82-0028
DR4_3_STRIPE82-0028_0010895,0,1.14945996887344,5775_3575_STRIPE82-0028
DR4_3_STRIPE82-0028_0010976,0,1.16484907110336,8525_3575_STRIPE82-0028
DR4_3_STRIPE82-0028_0011070,0,1.15804736263797,4125_3575_STRIPE82-0028
DR4_3_STRIPE82-0028_0011132,0,1.14606236882498,3025_3575_STRIPE82-0028
DR4_3_STRIPE82-0028_0011405,0,1.14606236882498,3025_3575_STRIPE82-0028
DR4_3_STRIPE82-0028_0011472,0,1.14945996887344,5775_3575_STRIPE82-0028
DR4_3_STRIPE82-0028_0011548,0,1.14871237931329,5225_3575_STRIPE82-0028
DR4_3_STRIPE82-0028_0011905,0,1.14760085075505,3575_3575_STRIPE82-0028
DR4_3_STRIPE82-0028_0012749,0,1.27861113646125,4125_4125_STRIPE82-0028
DR4_3_STRIPE82-0028_0012807,0,1.63805684911386,3575_4125_STRIPE82-0028
DR4_3_STRIPE82-0028_0013007,0,1.27861113646125,4125_4125_STRIPE82-0028
DR4_3_STRIPE82-0028_0013193,0,1.16347138494138,3025_4125_STRIPE82-0028
DR4_3_STRIPE82-0028_0013226,0,1.16347138494138,3025_4125_STRIPE82-0028
DR4_3_STRIPE82-0028_0013284,0,1.14760085075505,3575_3575_STRIPE82-0028
DR4_3_STRIPE82-0028_0013394,0,1.16119141748715,5775_4125_STRIPE82-0028
DR4_3_STRIPE82-0028_0013942,0,1.63805684911386,3575_4125_STRIPE82-0028
DR4_3_STRIPE82-0028_0013993,0,1.15689745743241,2475_4125_STRIPE82-0028
DR4_3_STRIPE82-0028_0014285,0,1.15266957874571,4125_4125_STRIPE82-0028
DR4_3_STRIPE82-0028_0014357,0,1.15492367467882,4125_4675_STRIPE82-0028
DR4_3_STRIPE82-0028_0014437,0,1.14597032765508,3575_4675_STRIPE82-0028
DR4_3_STRIPE82-0028_0014684,0,1.63805684911386,3575_4125_STRIPE82-0028
DR4_3_STRIPE82-0028_0014857,0,1.58873644302097,3575_4675_STRIPE82-0028
DR4_3_STRIPE82-0028_0014926,0,1.25100408746469,4125_4675_STRIPE82-0028
DR4_3_STRIPE82-0028_0015376,0,1.1477094961717,5225_4675_STRIPE82-0028
DR4_3_STRIPE82-0028_0015469,0,1.16501332794649,3025_4675_STRIPE82-0028
DR4_3_STRIPE82-0028_0015717,0,1.16501332794649,3025_4675_STRIPE82-0028
DR4_3_STRIPE82-0028_0016601,0,4.42414251041981,3575_5225_STRIPE82-0028
DR4_3_STRIPE82-0028_0016692,0,1.14799861280805,3575_5225_STRIPE82-0028
DR4_3_STRIPE82-0028_0017086,0,1.14799861280805,3575_5225_STRIPE82-0028
DR4_3_STRIPE82-0028_0018005,0,1.16469744948749,4125_5225_STRIPE82-0028
DR4_3_STRIPE82-0028_0018488,0,1.17113513040367,3025_5225_STRIPE82-0028
DR4_3_STRIPE82-0028_0018656,0,1.14585021675686,4675_5225_STRIPE82-0028
DR4_3_STRIPE82-0028_0018930,0,1.91100952061368,1925_5225_STRIPE82-0028
DR4_3_STRIPE82-0028_0019007,0,1.13617056785267,3575_5225_STRIPE82-0028
DR4_3_STRIPE82-0028_0019536,0,1.1660536303908,3025_5775_STRIPE82-0028
DR4_3_STRIPE82-0028_0019802,0,1.15413008841916,2475_5775_STRIPE82-0028
DR4_3_STRIPE82-0028_0019833,0,1.1544468265694,3575_5775_STRIPE82-0028
DR4_3_STRIPE82-0028_0019890,0,1.1868711214606,1925_5775_STRIPE82-0028
DR4_3_STRIPE82-0028_0024754,0,1.16790611853468,1925_6875_STRIPE82-0028
DR4_3_STRIPE82-0028_0025519,0,1.45092020600851,5775_7425_STRIPE82-0028
DR4_3_STRIPE82-0028_0026562,0,1.13514101257394,3575_7425_STRIPE82-0028
DR4_3_STRIPE82-0028_0027534,0,1.23407984037745,1925_7425_STRIPE82-0028
DR4_3_STRIPE82-0030_0002158,0,1.51008117013429,9625_1375_STRIPE82-0030
DR4_3_STRIPE82-0030_0005106,0,1.15340165666254,9625_1925_STRIPE82-0030
DR4_3_STRIPE82-0030_0019790,0,1.17724860305646,10175_4125_STRIPE82-0030
DR4_3_STRIPE82-0030_0020577,0,1.38556069436505,9625_4675_STRIPE82-0030
DR4_3_STRIPE82-0030_0023375,0,1.15989733800936,10175_5225_STRIPE82-0030
DR4_3_STRIPE82-0030_0028993,0,1.43595004885932,9625_5775_STRIPE82-0030
DR4_3_STRIPE82-0030_0029821,0,1.45663021870263,10175_5775_STRIPE82-0030
DR4_3_STRIPE82-0028_0007084,0,1.1477613782796,3575_2475_STRIPE82-0028
DR4_3_STRIPE82-0028_0006405,0,6.3370937989101,1925_2475_STRIPE82-0028
DR4_3_STRIPE82-0028_0006599,0,6.3370937989101,1925_2475_STRIPE82-0028
DR4_3_STRIPE82-0028_0006609,0,6.3370937989101,1925_2475_STRIPE82-0028
DR4_3_STRIPE82-0028_0005383,0,1.15857597564073,2475_2475_STRIPE82-0028
DR4_3_STRIPE82-0028_0004366,0,1.14016763867743,3025_1925_STRIPE82-0028
DR4_3_STRIPE82-0028_0004871,0,1.14016763867743,3025_1925_STRIPE82-0028
DR4_3_STRIPE82-0028_0005358,0,1.14016763867743,3025_1925_STRIPE82-0028
DR4_3_STRIPE82-0028_0009114,0,1.55166347955261,3025_3025_STRIPE82-0028
DR4_3_STRIPE82-0028_0009844,1,6.42804361661582,1925_3575_STRIPE82-0028
DR4_3_STRIPE82-0028_0010002,1,6.42804361661582,1925_3575_STRIPE82-0028
DR4_3_STRIPE82-0028_0010867,1,6.42804361661582,1925_3575_STRIPE82-0028
DR4_3_STRIPE82-0028_0021673,1,1.15898381919481,4675_5775_STRIPE82-0028
DR4_3_STRIPE82-0027_0042814,1,61.1978025148847,1375_10175_STRIPE82-0027
DR4_3_STRIPE82-0027_0043328,1,61.1978025148847,1375_10175_STRIPE82-0027
DR4_3_STRIPE82-0028_0006900,1,1.14333382440287,3575_2475_STRIPE82-0028
DR4_3_STRIPE82-0028_0007287,1,1.14333382440287,3575_2475_STRIPE82-0028
DR4_3_STRIPE82-0028_0009120,1,1.55166347955261,3025_3025_STRIPE82-0028
DR4_3_STRIPE82-0028_0009274,1,1.55166347955261,3025_3025_STRIPE82-0028
DR4_3_STRIPE82-0028_0007782,1,1.16147751173309,3575_3025_STRIPE82-0028
DR4_3_STRIPE82-0028_0009958,1,1.14871237931329,5225_3575_STRIPE82-0028
DR4_3_STRIPE82-0073_0018866,2,1.13899764615419,2475_6325_STRIPE82-0073
DR4_3_STRIPE82-0073_0030113,2,298.013630980366,5775_10175_STRIPE82-0073
DR4_3_STRIPE82-0073_0014377,0,1.15156338337082,1375_4125_STRIPE82-0073
DR4_3_STRIPE82-0073_0014548,0,1.15218162047382,1925_4125_STRIPE82-0073
DR4_3_STRIPE82-0073_0014860,0,1.15218162047382,1925_4125_STRIPE82-0073
DR4_3_STRIPE82-0073_0018291,0,1.92297985343463,5775_5225_STRIPE82-0073
DR4_3_STRIPE82-0073_0018680,0,1.20098999996159,2475_5225_STRIPE82-0073
DR4_3_STRIPE82-0073_0020191,0,1.21523365500134,825_5225_STRIPE82-0073
DR4_3_STRIPE82-0073_0020881,0,1.14447504335682,1925_5775_STRIPE82-0073
DR4_3_STRIPE82-0073_0021318,0,1.14447504335682,1925_5775_STRIPE82-0073
DR4_3_STRIPE82-0073_0021671,0,1.14447504335682,1925_5775_STRIPE82-0073
DR4_3_STRIPE82-0073_0021886,0,1.14982457107968,4675_5775_STRIPE82-0073
DR4_3_STRIPE82-0073_0022058,0,1.14982457107968,4675_5775_STRIPE82-0073
DR4_3_STRIPE82-0073_0022283,0,1.14447504335682,1925_5775_STRIPE82-0073
DR4_3_STRIPE82-0073_0022324,0,1.87210483828787,3575_5775_STRIPE82-0073
DR4_3_STRIPE82-0073_0022442,0,1.14542084964452,1375_5775_STRIPE82-0073
DR4_3_STRIPE82-0073_0022742,0,1.14779200957023,1375_5775_STRIPE82-0073
DR4_3_STRIPE82-0073_0022901,0,1.1625157285961,7425_5775_STRIPE82-0073
DR4_3_STRIPE82-0073_0023427,0,1.15199654580755,2475_6325_STRIPE82-0073
DR4_3_STRIPE82-0073_0023556,0,1.2027211832777,3025_6325_STRIPE82-0073
DR4_3_STRIPE82-0073_0023655,0,1.15199654580755,2475_6325_STRIPE82-0073
DR4_3_STRIPE82-0073_0023867,0,1.15199654580755,2475_6325_STRIPE82-0073
DR4_3_STRIPE82-0073_0024111,0,1.15343365517507,1925_6325_STRIPE82-0073
DR4_3_STRIPE82-0073_0024491,0,1.13372293581194,6325_6325_STRIPE82-0073
DR4_3_STRIPE82-0073_0024517,0,1.14692984029269,6325_6325_STRIPE82-0073
DR4_3_STRIPE82-0073_0024762,0,1.15308199963766,3575_6325_STRIPE82-0073
DR4_3_STRIPE82-0073_0025212,0,1.2027211832777,3025_6325_STRIPE82-0073
DR4_3_STRIPE82-0073_0025653,0,1.18585071769895,2475_6875_STRIPE82-0073
DR4_3_STRIPE82-0073_0026492,0,1.32649052198627,5225_7425_STRIPE82-0073
DR4_3_STRIPE82-0073_0027030,0,1.15378159072517,1375_7425_STRIPE82-0073
DR4_3_STRIPE82-0073_0027296,0,1.14455540611831,3025_7425_STRIPE82-0073
DR4_3_STRIPE82-0073_0027369,0,1.35763672599011,4675_7425_STRIPE82-0073
DR4_3_STRIPE82-0073_0027485,0,1.14980065843034,6325_7425_STRIPE82-0073
DR4_3_STRIPE82-0073_0027998,0,1.23217518113924,5775_7425_STRIPE82-0073
DR4_3_STRIPE82-0073_0028500,0,1.16054825488784,5225_6875_STRIPE82-0073
DR4_3_STRIPE82-0073_0029068,0,1.13745896589159,1375_6875_STRIPE82-0073
DR4_3_STRIPE82-0073_0029626,0,1.15193608399243,3025_6875_STRIPE82-0073
DR4_3_STRIPE82-0073_0029942,0,1.15600013560984,7425_6875_STRIPE82-0073
DR4_3_STRIPE82-0073_0031561,0,1.21977613225149,4675_9625_STRIPE82-0073
DR4_3_STRIPE82-0073_0032587,0,1.94548294532899,4125_9075_STRIPE82-0073
DR4_3_STRIPE82-0073_0035028,0,1.14810011057791,4675_9075_STRIPE82-0073
DR4_3_STRIPE82-0073_0035079,0,1.15415137376587,4125_9075_STRIPE82-0073
DR4_3_STRIPE82-0073_0038934,0,1.15542833691994,1925_7975_STRIPE82-0073
DR4_3_STRIPE82-0073_0039893,0,1.16237257614272,3575_7425_STRIPE82-0073
DR4_3_STRIPE82-0074_0000385,0,1.97641414582777,7425_825_STRIPE82-0074
DR4_3_STRIPE82-0074_0002393,0,1.54532341361071,7425_1375_STRIPE82-0074
DR4_3_STRIPE82-0074_0003571,0,1.30792720497608,6875_1375_STRIPE82-0074
DR4_3_STRIPE82-0075_0016111,0,1.15415988775017,9625_4675_STRIPE82-0075
DR4_3_STRIPE82-0075_0021187,0,1.14925266520656,8525_5775_STRIPE82-0075
DR4_3_STRIPE82-0075_0023961,0,1.15257171857955,9075_6325_STRIPE82-0075
DR4_3_STRIPE82-0073_0016804,0,1.84629854582636,1375_4675_STRIPE82-0073
DR4_3_STRIPE82-0073_0016917,0,1.84629854582636,1375_4675_STRIPE82-0073
DR4_3_STRIPE82-0073_0019331,0,1.15629638427291,1375_5225_STRIPE82-0073
DR4_3_STRIPE82-0073_0025843,0,186.756228167872,5775_10175_STRIPE82-0073
DR4_3_STRIPE82-0073_0009354,1,1.69862481986544,3025_3025_STRIPE82-0073
DR4_3_STRIPE82-0073_0012957,1,1.83715626812561,3575_3575_STRIPE82-0073
DR4_3_STRIPE82-0073_0020817,1,1.17249131307072,2475_5775_STRIPE82-0073
DR4_3_STRIPE82-0073_0022256,1,1.14447504335682,1925_5775_STRIPE82-0073
DR4_3_STRIPE82-0073_0028037,1,1.35763672599011,4675_7425_STRIPE82-0073
DR4_3_STRIPE82-0073_0030470,1,154.687672443142,6325_10175_STRIPE82-0073
DR4_3_STRIPE82-0011_0032853,2,80.2928776946174,3025_7975_STRIPE82-0011
DR4_3_STRIPE82-0011_0023038,0,1.32119266603485,5775_5775_STRIPE82-0011
DR4_3_STRIPE82-0011_0026068,0,1.14990034489463,6325_6325_STRIPE82-0011
DR4_3_STRIPE82-0011_0026293,0,1.14822558100999,3575_6325_STRIPE82-0011
DR4_3_STRIPE82-0011_0027540,0,1.1461490364466,2475_6875_STRIPE82-0011
DR4_3_STRIPE82-0011_0027550,0,1.9278547891628,3575_6875_STRIPE82-0011
DR4_3_STRIPE82-0011_0028203,0,1.15185090855757,2475_6875_STRIPE82-0011
DR4_3_STRIPE82-0011_0028831,0,1.14680682718531,3025_6875_STRIPE82-0011
DR4_3_STRIPE82-0011_0029161,0,1.9278547891628,3575_6875_STRIPE82-0011
DR4_3_STRIPE82-0011_0030166,0,1.15490934834492,2475_7425_STRIPE82-0011
DR4_3_STRIPE82-0011_0032529,0,1.15468639681717,4125_9625_STRIPE82-0011
DR4_3_STRIPE82-0011_0032563,0,1.15606887612186,3575_9625_STRIPE82-0011
DR4_3_STRIPE82-0011_0032911,0,1.16858482243808,4675_9625_STRIPE82-0011
DR4_3_STRIPE82-0011_0033911,0,1.15645363827122,3575_9075_STRIPE82-0011
DR4_3_STRIPE82-0011_0034405,0,1.13872538906672,3575_9075_STRIPE82-0011
DR4_3_STRIPE82-0011_0034839,0,1.14944689488829,4125_9075_STRIPE82-0011
DR4_3_STRIPE82-0011_0034947,0,1.14944689488829,4125_9075_STRIPE82-0011
DR4_3_STRIPE82-0011_0035493,0,1.14944689488829,4125_9075_STRIPE82-0011
DR4_3_STRIPE82-0011_0035558,0,1.14944689488829,4125_9075_STRIPE82-0011
DR4_3_STRIPE82-0011_0035584,0,1.15645363827122,3575_9075_STRIPE82-0011
DR4_3_STRIPE82-0011_0035791,0,1.14944689488829,4125_9075_STRIPE82-0011
DR4_3_STRIPE82-0011_0035989,0,1.14944689488829,4125_9075_STRIPE82-0011
DR4_3_STRIPE82-0011_0036246,0,1.15136321495523,3025_9075_STRIPE82-0011
DR4_3_STRIPE82-0011_0036908,0,1.15683199495529,3025_8525_STRIPE82-0011
DR4_3_STRIPE82-0011_0037147,0,1.50643050496439,5775_8525_STRIPE82-0011
DR4_3_STRIPE82-0011_0037436,0,1.14322837286042,5775_8525_STRIPE82-0011
DR4_3_STRIPE82-0011_0037796,0,1.50643050496439,5775_8525_STRIPE82-0011
DR4_3_STRIPE82-0011_0037865,0,1.22217355667561,3575_8525_STRIPE82-0011
DR4_3_STRIPE82-0011_0038069,0,1.22217355667561,3575_8525_STRIPE82-0011
DR4_3_STRIPE82-0011_0038149,0,1.15029933310688,4125_8525_STRIPE82-0011
DR4_3_STRIPE82-0011_0038612,0,1.15425691122895,3025_8525_STRIPE82-0011
DR4_3_STRIPE82-0011_0038668,0,1.22217355667561,3575_8525_STRIPE82-0011
DR4_3_STRIPE82-0011_0038879,0,1.15029933310688,4125_8525_STRIPE82-0011
DR4_3_STRIPE82-0011_0039031,0,1.22217355667561,3575_8525_STRIPE82-0011
DR4_3_STRIPE82-0011_0039583,0,1.15339254446274,4675_7975_STRIPE82-0011
DR4_3_STRIPE82-0011_0041693,0,1.15053274415083,3575_7975_STRIPE82-0011
DR4_3_STRIPE82-0011_0042406,0,1.15339254446274,4675_7975_STRIPE82-0011
DR4_3_STRIPE82-0011_0042507,0,1.14571998446326,6325_7425_STRIPE82-0011
DR4_3_STRIPE82-0011_0042674,0,1.15645363827122,3575_9075_STRIPE82-0011
DR4_3_STRIPE82-0011_0043110,0,1.14792950156069,3025_7425_STRIPE82-0011
DR4_3_STRIPE82-0011_0043507,0,1.15043615638141,4675_7425_STRIPE82-0011
DR4_3_STRIPE82-0012_0001608,0,1.14348962099251,2475_1375_STRIPE82-0012
DR4_3_STRIPE82-0012_0002188,0,1.14887958568808,5225_1375_STRIPE82-0012
DR4_3_STRIPE82-0012_0004462,0,1.14618627887109,4675_1925_STRIPE82-0012
DR4_3_STRIPE82-0012_0005184,0,1.1547108101997,1925_1925_STRIPE82-0012
DR4_3_STRIPE82-0012_0005819,0,1.44030836546328,5225_1925_STRIPE82-0012
DR4_3_STRIPE82-0011_0036875,0,1.15533622354081,4125_8525_STRIPE82-0011
DR4_3_STRIPE82-0011_0038127,0,1.15029933310688,4125_8525_STRIPE82-0011
DR4_3_STRIPE82-0011_0038139,0,1.15029933310688,4125_8525_STRIPE82-0011
DR4_3_STRIPE82-0011_0034690,0,1.14944689488829,4125_9075_STRIPE82-0011
DR4_3_STRIPE82-0011_0036099,0,1.14944689488829,4125_9075_STRIPE82-0011
DR4_3_STRIPE82-0011_0036512,0,1.14944689488829,4125_9075_STRIPE82-0011
DR4_3_STRIPE82-0011_0032828,1,1.15998314474881,4125_9625_STRIPE82-0011
DR4_3_STRIPE82-0011_0032939,1,28.987278565047,4125_10175_STRIPE82-0011
DR4_3_STRIPE82-0011_0039569,1,1.15339254446274,4675_7975_STRIPE82-0011
DR4_3_STRIPE82-0011_0041010,1,80.2928776946174,3025_7975_STRIPE82-0011
DR4_3_STRIPE82-0011_0041220,1,1.16054859097844,5225_7975_STRIPE82-0011
DR4_3_STRIPE82-0012_0000952,1,999.604547212289,3025_825_STRIPE82-0012
DR4_3_STRIPE82-0012_0005952,1,1.14903541196847,3025_1925_STRIPE82-0012
DR4_3_STRIPE82-0059_0020843,0,1.19488649579499,1925_4675_STRIPE82-0059
DR4_3_STRIPE82-0059_0028761,0,1.12219562829513,3025_5775_STRIPE82-0059
DR4_3_STRIPE82-0059_0022956,0,1.14801158517121,3575_4675_STRIPE82-0059
DR4_3_STRIPE82-0059_0029820,0,1.14876403198236,1375_5775_STRIPE82-0059
DR4_3_STRIPE82-0059_0030506,0,1.31278982042688,4125_6325_STRIPE82-0059
DR4_3_STRIPE82-0059_0030550,0,1.15960671404041,2475_6325_STRIPE82-0059
DR4_3_STRIPE82-0059_0030932,0,1.15960671404041,2475_6325_STRIPE82-0059
DR4_3_STRIPE82-0059_0031019,0,1.37874744886115,1925_6325_STRIPE82-0059
DR4_3_STRIPE82-0059_0031320,0,1.37874744886115,1925_6325_STRIPE82-0059
DR4_3_STRIPE82-0059_0032578,0,1.15960671404041,2475_6325_STRIPE82-0059
DR4_3_STRIPE82-0059_0033774,0,1.26891100348469,3575_6325_STRIPE82-0059
DR4_3_STRIPE82-0059_0035744,0,1.15755657117132,3025_6875_STRIPE82-0059
DR4_3_STRIPE82-0059_0040040,0,1.20295499757724,2475_7975_STRIPE82-0059
DR4_3_STRIPE82-0059_0040788,0,1.15042625443139,3575_7425_STRIPE82-0059
DR4_3_STRIPE82-0059_0042882,0,1.15808510178511,2475_8525_STRIPE82-0059
DR4_3_STRIPE82-0061_0025508,0,43.3538663194868,10175_5225_STRIPE82-0061
DR4_3_STRIPE82-0061_0025616,0,1.16424316867872,9075_5225_STRIPE82-0061
DR4_3_STRIPE82-0061_0032933,0,1.18114383266498,7975_6325_STRIPE82-0061
DR4_3_STRIPE82-0061_0035238,0,1.15446022781915,9625_6875_STRIPE82-0061
DR4_3_STRIPE82-0061_0035239,0,34.9702040476922,10175_6875_STRIPE82-0061
DR4_3_STRIPE82-0061_0038289,0,1.15608176637889,9625_7425_STRIPE82-0061
DR4_3_STRIPE82-0061_0041569,0,1.15105905789514,9625_7425_STRIPE82-0061
DR4_3_STRIPE82-0061_0049707,0,1.1508402825207,9625_9075_STRIPE82-0061
DR4_3_STRIPE82-0059_0032436,0,27.0092608099295,1375_6325_STRIPE82-0059
DR4_3_STRIPE82-0059_0032851,0,27.0092608099295,1375_6325_STRIPE82-0059
DR4_3_STRIPE82-0059_0027875,0,1.26141172680425,1925_5775_STRIPE82-0059
DR4_3_STRIPE82-0059_0021512,1,19.7297837051615,1375_4675_STRIPE82-0059
DR4_3_STRIPE82-0059_0026491,1,25.1664045223611,1375_5225_STRIPE82-0059
DR4_3_STRIPE82-0059_0034489,1,38.5540742124584,1375_6875_STRIPE82-0059
DR4_3_STRIPE82-0061_0045269,1,33.5069637818505,10175_7425_STRIPE82-0061
DR4_3_STRIPE82-0059_0034858,1,27.0092608099295,1375_6325_STRIPE82-0059
DR4_3_STRIPE82-0059_0028963,1,1.26141172680425,1925_5775_STRIPE82-0059
DR4_3_STRIPE82-0059_0029151,1,1.26141172680425,1925_5775_STRIPE82-0059
DR4_3_STRIPE82-0023_0011755,0,1.15503618054506,1925_3575_STRIPE82-0023
DR4_3_STRIPE82-0023_0012493,0,1.15390596306891,2475_3575_STRIPE82-0023
DR4_3_STRIPE82-0023_0013502,0,1.15390596306891,2475_3575_STRIPE82-0023
DR4_3_STRIPE82-0023_0013541,0,1.15390596306891,2475_3575_STRIPE82-0023
DR4_3_STRIPE82-0023_0016101,0,1.16556815646238,2475_4125_STRIPE82-0023
DR4_3_STRIPE82-0023_0016573,0,1.36253707576387,3025_4675_STRIPE82-0023
DR4_3_STRIPE82-0023_0016865,0,1.15347918705937,3575_4675_STRIPE82-0023
DR4_3_STRIPE82-0025_0012607,0,1.29635589270389,9075_3575_STRIPE82-0025
DR4_3_STRIPE82-0025_0014889,0,1.29635589270389,9075_3575_STRIPE82-0025
DR4_3_STRIPE82-0025_0015898,0,1.40064396269926,9075_4125_STRIPE82-0025
DR4_3_STRIPE82-0025_0017413,0,1.14906894887941,9625_4125_STRIPE82-0025
DR4_3_STRIPE82-0025_0017414,0,1.40064396269926,9075_4125_STRIPE82-0025
DR4_3_STRIPE82-0025_0017557,0,1.92187536504108,8525_4125_STRIPE82-0025
DR4_3_STRIPE82-0025_0018096,0,1.40064396269926,9075_4125_STRIPE82-0025
DR4_3_STRIPE82-0025_0019109,0,1.14174774672395,9625_4675_STRIPE82-0025
DR4_3_STRIPE82-0025_0020368,0,1.1579597431086,9075_4675_STRIPE82-0025
DR4_3_STRIPE82-0025_0020492,0,1.16583050295727,9625_4675_STRIPE82-0025
DR4_3_STRIPE82-0025_0020996,0,1.14652727172899,8525_4675_STRIPE82-0025
DR4_3_STRIPE82-0025_0021384,0,1.15334488719285,9625_5225_STRIPE82-0025
DR4_3_STRIPE82-0025_0022155,0,1.15058373682565,9075_5225_STRIPE82-0025
DR4_3_STRIPE82-0025_0022673,0,1.15334488719285,9625_5225_STRIPE82-0025
DR4_3_STRIPE82-0025_0026705,0,1.14962768246848,9625_6325_STRIPE82-0025
DR4_3_STRIPE82-0025_0027087,0,1.14627609703719,8525_5775_STRIPE82-0025
DR4_3_STRIPE82-0023_0016111,0,1.17059491280284,1925_4125_STRIPE82-0023
DR4_3_STRIPE82-0023_0016610,0,1.16556815646238,2475_4125_STRIPE82-0023
DR4_3_STRIPE82-0025_0021581,0,1.15058373682565,9075_5225_STRIPE82-0025
DR4_3_STRIPE82-0025_0021810,0,1.15058373682565,9075_5225_STRIPE82-0025
DR4_3_STRIPE82-0023_0011709,1,11.8331466776019,1375_3575_STRIPE82-0023
DR4_3_STRIPE82-0023_0015396,1,13.0859125871656,1375_4125_STRIPE82-0023
DR4_3_STRIPE82-0023_0015478,1,13.0859125871656,1375_4125_STRIPE82-0023
DR4_3_STRIPE82-0025_0015832,1,54.2650611513802,10175_4125_STRIPE82-0025
DR4_3_STRIPE82-0025_0017350,1,54.2650611513802,10175_4125_STRIPE82-0025
DR4_3_STRIPE82-0025_0019858,1,1.1579597431086,9075_4675_STRIPE82-0025
DR4_3_STRIPE82-0023_0016353,1,1.17059491280284,1925_4125_STRIPE82-0023
DR4_3_STRIPE82-0025_0023577,1,1.15058373682565,9075_5225_STRIPE82-0025
DR4_3_STRIPE82-0009_0036071,2,1.14367737130423,4125_6325_STRIPE82-0009
DR4_3_STRIPE82-0009_0038904,2,1.15161422228153,4125_6875_STRIPE82-0009
DR4_3_STRIPE82-0009_0008381,0,1.30291075599209,4675_2475_STRIPE82-0009
DR4_3_STRIPE82-0009_0011625,0,1.1536754258548,3025_3025_STRIPE82-0009
DR4_3_STRIPE82-0009_0013238,0,1.1560256211697,4125_3025_STRIPE82-0009
DR4_3_STRIPE82-0009_0013723,0,1.20183484388519,5225_3025_STRIPE82-0009
DR4_3_STRIPE82-0009_0014387,0,1.13976515214484,4675_3575_STRIPE82-0009
DR4_3_STRIPE82-0009_0015090,0,1.49075610847458,3025_3575_STRIPE82-0009
DR4_3_STRIPE82-0009_0015338,0,1.26906651733958,3575_3575_STRIPE82-0009
DR4_3_STRIPE82-0009_0015371,0,1.18302153260029,4675_3575_STRIPE82-0009
DR4_3_STRIPE82-0009_0015850,0,1.3114724706898,4125_3575_STRIPE82-0009
DR4_3_STRIPE82-0009_0015870,0,1.26906651733958,3575_3575_STRIPE82-0009
DR4_3_STRIPE82-0009_0016262,0,1.3114724706898,4125_3575_STRIPE82-0009
DR4_3_STRIPE82-0009_0016455,0,1.3114724706898,4125_3575_STRIPE82-0009
DR4_3_STRIPE82-0009_0016517,0,1.49075610847458,3025_3575_STRIPE82-0009
DR4_3_STRIPE82-0009_0016644,0,1.18302153260029,4675_3575_STRIPE82-0009
DR4_3_STRIPE82-0009_0017362,0,1.185061596012,5225_3575_STRIPE82-0009
DR4_3_STRIPE82-0009_0017499,0,1.18302153260029,4675_3575_STRIPE82-0009
DR4_3_STRIPE82-0009_0020922,0,1.14773062638337,3025_4125_STRIPE82-0009
DR4_3_STRIPE82-0009_0021857,0,1.31126985170808,4125_4675_STRIPE82-0009
DR4_3_STRIPE82-0009_0022094,0,1.31126985170808,4125_4675_STRIPE82-0009
DR4_3_STRIPE82-0009_0023270,0,1.16239488248742,3025_4675_STRIPE82-0009
DR4_3_STRIPE82-0009_0023804,0,1.31126985170808,4125_4675_STRIPE82-0009
DR4_3_STRIPE82-0009_0023905,0,1.51557528312316,3575_4675_STRIPE82-0009
DR4_3_STRIPE82-0009_0024243,0,1.31126985170808,4125_4675_STRIPE82-0009
DR4_3_STRIPE82-0009_0024586,0,1.31126985170808,4125_4675_STRIPE82-0009
DR4_3_STRIPE82-0009_0026015,0,1.17463769931987,4125_5225_STRIPE82-0009
DR4_3_STRIPE82-0009_0028077,0,1.23276639109568,3575_5225_STRIPE82-0009
DR4_3_STRIPE82-0009_0029085,0,1.29377094839346,3025_5775_STRIPE82-0009
DR4_3_STRIPE82-0009_0040578,0,1.13599613217687,4125_7425_STRIPE82-0009
DR4_3_STRIPE82-0009_0025170,1,1.15213740212118,4125_4675_STRIPE82-0009
DR4_3_STRIPE82-0009_0024426,1,1.31126985170808,4125_4675_STRIPE82-0009
DR4_3_STRIPE82-0009_0025757,1,1.31126985170808,4125_4675_STRIPE82-0009
DR4_3_STRIPE82-0009_0037583,1,1.15161422228153,4125_6875_STRIPE82-0009
DR4_3_STRIPE82-0029_0006919,0,1.19876029469765,6875_1925_STRIPE82-0029
DR4_3_STRIPE82-0029_0007365,0,1.14494350710337,6325_1925_STRIPE82-0029
DR4_3_STRIPE82-0029_0008640,0,1.14558336963423,5775_1925_STRIPE82-0029
DR4_3_STRIPE82-0029_0009882,0,1.19760340010564,5775_2475_STRIPE82-0029
DR4_3_STRIPE82-0029_0010273,0,1.14898858144091,6875_2475_STRIPE82-0029
DR4_3_STRIPE82-0029_0011945,0,1.19760340010564,5775_2475_STRIPE82-0029
DR4_3_STRIPE82-0029_0012201,0,1.16625628824529,5225_3025_STRIPE82-0029
DR4_3_STRIPE82-0029_0012234,0,1.15297660367551,5775_3025_STRIPE82-0029
DR4_3_STRIPE82-0029_0012540,0,1.16625628824529,5225_3025_STRIPE82-0029
DR4_3_STRIPE82-0029_0013223,0,1.15297660367551,5775_3025_STRIPE82-0029
DR4_3_STRIPE82-0029_0013794,0,1.15479357793857,7425_3025_STRIPE82-0029
DR4_3_STRIPE82-0029_0014539,0,1.1487338358178,6875_3025_STRIPE82-0029
DR4_3_STRIPE82-0029_0015051,0,1.15140204534824,6875_3025_STRIPE82-0029
DR4_3_STRIPE82-0029_0015052,0,1.15479357793857,7425_3025_STRIPE82-0029
DR4_3_STRIPE82-0029_0015142,0,1.15058170975391,8525_3025_STRIPE82-0029
DR4_3_STRIPE82-0029_0015448,0,1.1487338358178,6875_3025_STRIPE82-0029
DR4_3_STRIPE82-0029_0015493,0,1.45310712046097,5775_3575_STRIPE82-0029
DR4_3_STRIPE82-0029_0016245,0,1.45310712046097,5775_3575_STRIPE82-0029
DR4_3_STRIPE82-0029_0016426,0,1.16071059737386,7425_3575_STRIPE82-0029
DR4_3_STRIPE82-0029_0016478,0,1.14270821439367,6325_3575_STRIPE82-0029
DR4_3_STRIPE82-0029_0016575,0,1.14270821439367,6325_3575_STRIPE82-0029
DR4_3_STRIPE82-0029_0016735,0,1.45310712046097,5775_3575_STRIPE82-0029
DR4_3_STRIPE82-0029_0017420,0,1.14270821439367,6325_3575_STRIPE82-0029
DR4_3_STRIPE82-0029_0017891,0,1.14270821439367,6325_3575_STRIPE82-0029
DR4_3_STRIPE82-0029_0019048,0,1.16839074446791,5775_4125_STRIPE82-0029
DR4_3_STRIPE82-0029_0019355,0,1.15422771699027,6325_4125_STRIPE82-0029
DR4_3_STRIPE82-0029_0020153,0,1.14270821439367,6325_3575_STRIPE82-0029
DR4_3_STRIPE82-0029_0025813,0,1.15946822434689,5775_5225_STRIPE82-0029
DR4_3_STRIPE82-0029_0026203,0,1.65897777518638,4125_5225_STRIPE82-0029
DR4_3_STRIPE82-0029_0028909,0,1.16404306983084,6325_5775_STRIPE82-0029
DR4_3_STRIPE82-0029_0016390,0,1.22536680403897,6875_3575_STRIPE82-0029
DR4_3_STRIPE82-0029_0027605,1,6.31055287979782,6325_5225_STRIPE82-0029
DR4_3_STRIPE82-0029_0017103,1,1.22536680403897,6875_3575_STRIPE82-0029
DR4_3_STRIPE82-0029_0017522,1,1.22536680403897,6875_3575_STRIPE82-0029
DR4_3_STRIPE82-0143_0013681,0,1.203220346094,9075_4125_STRIPE82-0143
DR4_3_STRIPE82-0143_0009147,0,1.14640934328799,7425_3025_STRIPE82-0143
DR4_3_STRIPE82-0143_0013216,0,1.14324810620657,6875_3575_STRIPE82-0143
DR4_3_STRIPE82-0143_0014473,0,1.29372616406837,6325_4125_STRIPE82-0143
DR4_3_STRIPE82-0143_0016071,0,1.29372616406837,6325_4125_STRIPE82-0143
DR4_3_STRIPE82-0143_0017704,0,1.26781358841114,6325_4675_STRIPE82-0143
DR4_3_STRIPE82-0143_0017780,0,1.26781358841114,6325_4675_STRIPE82-0143
DR4_3_STRIPE82-0143_0018996,0,1.42826749473036,5775_5225_STRIPE82-0143
DR4_3_STRIPE82-0143_0020889,0,1.42826749473036,5775_5225_STRIPE82-0143
DR4_3_STRIPE82-0143_0022501,0,1.24813426841801,7425_5775_STRIPE82-0143
DR4_3_STRIPE82-0143_0022858,0,1.17214591992477,6875_5775_STRIPE82-0143
DR4_3_STRIPE82-0143_0010610,0,1.14570451562563,7425_3025_STRIPE82-0143
DR4_3_STRIPE82-0143_0003002,1,4.35347672661314,8525_1925_STRIPE82-0143
DR4_3_STRIPE82-0119_0058188,0,1.16521733684239,9075_9075_STRIPE82-0119
DR4_3_STRIPE82-0119_0060491,0,1.52799137897092,9625_8525_STRIPE82-0119
DR4_3_STRIPE82-0119_0062225,0,1.15479918240219,9075_7975_STRIPE82-0119
DR4_3_STRIPE82-0119_0062596,0,1.19502056736447,9625_9625_STRIPE82-0119
DR4_3_STRIPE82-0119_0063862,0,1.15457663639687,9625_8525_STRIPE82-0119
DR4_3_STRIPE82-0119_0065032,0,1.2313446428576,9075_9625_STRIPE82-0119
DR4_3_STRIPE82-0119_0066410,0,1.16521733684239,9075_9075_STRIPE82-0119
DR4_3_STRIPE82-0119_0068166,0,1.16183206589979,9625_9075_STRIPE82-0119
DR4_3_STRIPE82-0119_0070544,0,1.52799137897092,9625_8525_STRIPE82-0119
DR4_3_STRIPE82-0119_0072110,0,1.15368644308447,7975_8525_STRIPE82-0119
DR4_3_STRIPE82-0119_0072768,0,1.52799137897092,9625_8525_STRIPE82-0119
DR4_3_STRIPE82-0120_0000558,0,1.15550933234015,9075_1375_STRIPE82-0120
DR4_3_STRIPE82-0119_0060644,0,3.10163763547263,8525_9625_STRIPE82-0119
DR4_3_STRIPE82-0119_0069083,0,1.43534627297703,8525_9625_STRIPE82-0119
DR4_3_STRIPE82-0119_0061056,0,1.2313446428576,9075_9625_STRIPE82-0119
DR4_3_STRIPE82-0119_0062248,0,1.2313446428576,9075_9625_STRIPE82-0119
DR4_3_STRIPE82-0119_0062442,0,1.2313446428576,9075_9625_STRIPE82-0119
DR4_3_STRIPE82-0119_0066291,0,1.16183206589979,9625_9075_STRIPE82-0119
DR4_3_STRIPE82-0119_0066390,0,1.16183206589979,9625_9075_STRIPE82-0119
DR4_3_STRIPE82-0119_0060145,0,53.2767852878339,10175_8525_STRIPE82-0119
DR4_3_STRIPE82-0119_0058255,1,44.9791017072021,10175_9075_STRIPE82-0119
DR4_3_STRIPE82-0119_0060539,1,447.41888724966,9075_10175_STRIPE82-0119
DR4_3_STRIPE82-0119_0066099,1,44.9791017072021,10175_9075_STRIPE82-0119
DR4_3_STRIPE82-0119_0068981,1,53.2767852878339,10175_8525_STRIPE82-0119
DR4_3_STRIPE82-0119_0072105,1,53.2767852878339,10175_8525_STRIPE82-0119
DR4_3_STRIPE82-0119_0071559,1,1.38814931637879,8525_9075_STRIPE82-0119
DR4_3_STRIPE82-0119_0066360,1,1.16183206589979,9625_9075_STRIPE82-0119
DR4_3_STRIPE82-0035_0015875,0,1.16665788277328,6875_4675_STRIPE82-0035
DR4_3_STRIPE82-0035_0016423,0,1.17007850387409,6875_5225_STRIPE82-0035
DR4_3_STRIPE82-0035_0017044,0,1.1738897606687,8525_5225_STRIPE82-0035
DR4_3_STRIPE82-0035_0017160,0,1.16765080692459,7975_5225_STRIPE82-0035
DR4_3_STRIPE82-0035_0018224,0,1.16238154732836,7425_5225_STRIPE82-0035
DR4_3_STRIPE82-0035_0018928,0,1.17647420760891,7975_5775_STRIPE82-0035
DR4_3_STRIPE82-0035_0019075,0,1.17647420760891,7975_5775_STRIPE82-0035
DR4_3_STRIPE82-0035_0019208,0,1.17647420760891,7975_5775_STRIPE82-0035
DR4_3_STRIPE82-0035_0019257,0,1.17647420760891,7975_5775_STRIPE82-0035
DR4_3_STRIPE82-0035_0019263,0,1.19933736767546,7425_5775_STRIPE82-0035
DR4_3_STRIPE82-0035_0019574,0,1.17647420760891,7975_5775_STRIPE82-0035
DR4_3_STRIPE82-0035_0019899,0,1.17647420760891,7975_5775_STRIPE82-0035
DR4_3_STRIPE82-0035_0020528,0,1.17647420760891,7975_5775_STRIPE82-0035
DR4_3_STRIPE82-0035_0020661,0,1.18126861515393,7975_6325_STRIPE82-0035
DR4_3_STRIPE82-0035_0020863,0,1.18126861515393,7975_6325_STRIPE82-0035
DR4_3_STRIPE82-0035_0020866,0,1.17647420760891,7975_5775_STRIPE82-0035
DR4_3_STRIPE82-0035_0021028,0,1.16941029453284,8525_6325_STRIPE82-0035
DR4_3_STRIPE82-0035_0021273,0,1.18126861515393,7975_6325_STRIPE82-0035
DR4_3_STRIPE82-0035_0021654,0,1.18126861515393,7975_6325_STRIPE82-0035
DR4_3_STRIPE82-0035_0021933,0,1.23043165587236,8525_6325_STRIPE82-0035
DR4_3_STRIPE82-0035_0021962,0,1.23043165587236,8525_6325_STRIPE82-0035
DR4_3_STRIPE82-0035_0022000,0,1.16214055517724,7425_6325_STRIPE82-0035
DR4_3_STRIPE82-0035_0022287,0,1.23043165587236,8525_6325_STRIPE82-0035
DR4_3_STRIPE82-0035_0029908,0,1.15520371016045,7425_6875_STRIPE82-0035
DR4_3_STRIPE82-0035_0028991,0,1.47808426558193,8525_6875_STRIPE82-0035
DR4_3_STRIPE82-0035_0029539,0,1.47808426558193,8525_6875_STRIPE82-0035
DR4_3_STRIPE82-0035_0029617,0,1.16544625424353,8525_7425_STRIPE82-0035
DR4_3_STRIPE82-0035_0017370,1,1.17007850387409,6875_5225_STRIPE82-0035
DR4_3_STRIPE82-0035_0017429,1,1.17007850387409,6875_5225_STRIPE82-0035
DR4_3_STRIPE82-0035_0018577,0,1.18276296167283,5225_5775_STRIPE82-0035
DR4_3_STRIPE82-0035_0019784,0,1.15759958906407,4125_5775_STRIPE82-0035
DR4_3_STRIPE82-0035_0020278,0,1.15759958906407,4125_5775_STRIPE82-0035
DR4_3_STRIPE82-0035_0023469,0,1.19493494463951,4125_6875_STRIPE82-0035
DR4_3_STRIPE82-0035_0023936,0,1.16156440527715,2475_8525_STRIPE82-0035
DR4_3_STRIPE82-0035_0024291,0,1.14228107975505,2475_7975_STRIPE82-0035
DR4_3_STRIPE82-0035_0024613,0,1.15793825885792,6325_7975_STRIPE82-0035
DR4_3_STRIPE82-0035_0024729,0,1.16086499169184,3575_7425_STRIPE82-0035
DR4_3_STRIPE82-0035_0025099,0,1.15793825885792,6325_7975_STRIPE82-0035
DR4_3_STRIPE82-0035_0025475,0,1.13855875982162,3575_7975_STRIPE82-0035
DR4_3_STRIPE82-0035_0026762,0,1.19493494463951,4125_6875_STRIPE82-0035
DR4_3_STRIPE82-0035_0026841,0,1.35739603110373,1925_9075_STRIPE82-0035
DR4_3_STRIPE82-0035_0026926,0,1.40490010800285,4675_7425_STRIPE82-0035
DR4_3_STRIPE82-0035_0027370,0,1.15812195601549,4125_7425_STRIPE82-0035
DR4_3_STRIPE82-0035_0027812,0,1.40490010800285,4675_7425_STRIPE82-0035
DR4_3_STRIPE82-0035_0027871,0,1.16873911650329,4125_7975_STRIPE82-0035
DR4_3_STRIPE82-0035_0028418,0,1.16940616206768,4125_7425_STRIPE82-0035
DR4_3_STRIPE82-0035_0028981,0,1.15731938292297,3575_6875_STRIPE82-0035
DR4_3_STRIPE82-0035_0029615,0,1.19493494463951,4125_6875_STRIPE82-0035
DR4_3_STRIPE82-0035_0032566,0,1.4084540891757,1925_9625_STRIPE82-0035
DR4_3_STRIPE82-0035_0033475,0,1.4084540891757,1925_9625_STRIPE82-0035
DR4_3_STRIPE82-0035_0034687,0,1.13942102168184,1925_8525_STRIPE82-0035
DR4_3_STRIPE82-0035_0035863,0,1.16612756572484,3575_8525_STRIPE82-0035
DR4_3_STRIPE82-0035_0027295,0,1.16086499169184,3575_7425_STRIPE82-0035
DR4_3_STRIPE82-0035_0027569,0,1.16086499169184,3575_7425_STRIPE82-0035
DR4_3_STRIPE82-0035_0027304,2,1.16873911650329,4125_7975_STRIPE82-0035
DR4_3_STRIPE82-0035_0027641,2,1.16086499169184,3575_7425_STRIPE82-0035
DR4_3_STRIPE82-0022_0014764,1,1.1657861127096,6875_5225_STRIPE82-0022
DR4_3_STRIPE82-0022_0011149,0,1.15309813669475,4675_4125_STRIPE82-0022
DR4_3_STRIPE82-0022_0011190,0,1.16288472236464,5775_4125_STRIPE82-0022
DR4_3_STRIPE82-0022_0013175,0,1.15274202253432,6875_4675_STRIPE82-0022
DR4_3_STRIPE82-0022_0014127,0,1.1900830089035,6875_5225_STRIPE82-0022
DR4_3_STRIPE82-0022_0014275,0,1.26279869513333,5775_5225_STRIPE82-0022
DR4_3_STRIPE82-0022_0014321,0,1.1783941104243,7425_5225_STRIPE82-0022
DR4_3_STRIPE82-0022_0014457,0,1.14505495550997,9075_5225_STRIPE82-0022
DR4_3_STRIPE82-0022_0014931,0,1.16969980695482,6325_5225_STRIPE82-0022
DR4_3_STRIPE82-0022_0015341,0,1.1657861127096,6875_5225_STRIPE82-0022
DR4_3_STRIPE82-0022_0015360,0,1.1657861127096,6875_5225_STRIPE82-0022
DR4_3_STRIPE82-0022_0015720,0,1.26279869513333,5775_5225_STRIPE82-0022
DR4_3_STRIPE82-0022_0015938,0,1.1783941104243,7425_5225_STRIPE82-0022
DR4_3_STRIPE82-0022_0016314,0,1.1657861127096,6875_5225_STRIPE82-0022
DR4_3_STRIPE82-0022_0016496,0,1.16337042117574,7425_5775_STRIPE82-0022
DR4_3_STRIPE82-0022_0016634,0,1.16474942147837,6875_5775_STRIPE82-0022
DR4_3_STRIPE82-0022_0016731,0,1.16484094724037,6325_5775_STRIPE82-0022
DR4_3_STRIPE82-0022_0016955,0,1.16337042117574,7425_5775_STRIPE82-0022
DR4_3_STRIPE82-0022_0016971,0,1.16484094724037,6325_5775_STRIPE82-0022
DR4_3_STRIPE82-0022_0022872,0,1.16047836677912,8525_6325_STRIPE82-0022
DR4_3_STRIPE82-0022_0028437,0,1.15705494987779,7425_6325_STRIPE82-0022
DR4_3_STRIPE82-0022_0029682,0,1.44731040739951,6875_6325_STRIPE82-0022
DR4_3_STRIPE82-0022_0016159,0,1.16969980695482,6325_5225_STRIPE82-0022
DR4_3_STRIPE82-0022_0016223,0,1.16969980695482,6325_5225_STRIPE82-0022
DR4_3_STRIPE82-0022_0016280,0,1.16969980695482,6325_5225_STRIPE82-0022
DR4_3_STRIPE82-0022_0015210,0,1.1657861127096,6875_5225_STRIPE82-0022
DR4_3_STRIPE82-0118_0037076,1,1.14989512081593,7425_6875_STRIPE82-0118
DR4_3_STRIPE82-0118_0037470,1,1.14989512081593,7425_6875_STRIPE82-0118
DR4_3_STRIPE82-0118_0037755,1,1.14989512081593,7425_6875_STRIPE82-0118
DR4_3_STRIPE82-0118_0028522,0,1.1865943974452,6875_5775_STRIPE82-0118
DR4_3_STRIPE82-0118_0033035,0,1.15631674969923,7425_6325_STRIPE82-0118
DR4_3_STRIPE82-0118_0033632,0,1.15752731759028,7425_6325_STRIPE82-0118
DR4_3_STRIPE82-0118_0033744,0,1.15712672939188,7425_6325_STRIPE82-0118
DR4_3_STRIPE82-0118_0035031,0,1.17055314095165,7975_6875_STRIPE82-0118
DR4_3_STRIPE82-0118_0035837,0,1.58492696469902,6875_6875_STRIPE82-0118
DR4_3_STRIPE82-0118_0035890,0,1.15385349086236,8525_6875_STRIPE82-0118
DR4_3_STRIPE82-0118_0036763,0,1.17750843342232,7975_6875_STRIPE82-0118
DR4_3_STRIPE82-0118_0037133,0,1.17750843342232,7975_6875_STRIPE82-0118
DR4_3_STRIPE82-0118_0037877,0,1.58492696469902,6875_6875_STRIPE82-0118
DR4_3_STRIPE82-0118_0038316,0,1.1563283621038,6325_7425_STRIPE82-0118
DR4_3_STRIPE82-0118_0039051,0,1.59689909128797,7425_7425_STRIPE82-0118
DR4_3_STRIPE82-0118_0040026,0,1.32029809698057,7975_7425_STRIPE82-0118
DR4_3_STRIPE82-0118_0040106,0,1.15937262437578,8525_7425_STRIPE82-0118
DR4_3_STRIPE82-0118_0040416,0,1.1563283621038,6325_7425_STRIPE82-0118
DR4_3_STRIPE82-0118_0041096,0,1.59689909128797,7425_7425_STRIPE82-0118
DR4_3_STRIPE82-0118_0041372,0,1.15409851835133,6875_7425_STRIPE82-0118
DR4_3_STRIPE82-0118_0042325,0,1.1727048270681,7975_7975_STRIPE82-0118
DR4_3_STRIPE82-0118_0042792,0,1.25377786025952,6875_7975_STRIPE82-0118
DR4_3_STRIPE82-0118_0043005,0,1.1727048270681,7975_7975_STRIPE82-0118
DR4_3_STRIPE82-0118_0037172,0,1.14989512081593,7425_6875_STRIPE82-0118
DR4_3_STRIPE82-0144_0012818,0,1.14722308209631,825_3575_STRIPE82-0144
DR4_3_STRIPE82-0144_0013280,0,1.54508936193993,1375_3575_STRIPE82-0144
DR4_3_STRIPE82-0144_0013569,0,1.54508936193993,1375_3575_STRIPE82-0144
DR4_3_STRIPE82-0144_0011410,0,1.25600511366839,1375_3025_STRIPE82-0144
DR4_3_STRIPE82-0144_0011818,0,1.14767649545821,1925_3025_STRIPE82-0144
DR4_3_STRIPE82-0144_0013947,0,1.54508936193993,1375_3575_STRIPE82-0144
DR4_3_STRIPE82-0144_0014171,0,1.54508936193993,1375_3575_STRIPE82-0144
DR4_3_STRIPE82-0144_0014186,0,1.15467210206717,825_4125_STRIPE82-0144
DR4_3_STRIPE82-0144_0015471,0,1.16294211824107,1375_4125_STRIPE82-0144
DR4_3_STRIPE82-0144_0015571,0,1.14333686720636,825_4125_STRIPE82-0144
DR4_3_STRIPE82-0144_0016080,0,24.9346422668551,825_4125_STRIPE82-0144
DR4_3_STRIPE82-0144_0016501,0,24.9346422668551,825_4125_STRIPE82-0144
DR4_3_STRIPE82-0144_0017757,0,1.1489486860189,825_4675_STRIPE82-0144
DR4_3_STRIPE82-0146_0007786,0,2.09387171701989,10175_3025_STRIPE82-0146
DR4_3_STRIPE82-0146_0011687,0,1.15111203419294,8525_3575_STRIPE82-0146
DR4_3_STRIPE82-0146_0012541,0,1.13446465179748,9625_3575_STRIPE82-0146
DR4_3_STRIPE82-0146_0014631,0,2.26179730182347,9625_4125_STRIPE82-0146
DR4_3_STRIPE82-0146_0007816,0,1.15164284022854,9075_2475_STRIPE82-0146
DR4_3_STRIPE82-0144_0010697,1,20.5254696539168,825_3025_STRIPE82-0144
DR4_3_STRIPE82-0144_0009592,1,1.25600511366839,1375_3025_STRIPE82-0144
DR4_3_STRIPE82-0144_0009992,1,20.5254696539168,825_3025_STRIPE82-0144
DR4_3_STRIPE82-0069_0046912,2,56.8531586600799,6875_9075_STRIPE82-0069
DR4_3_STRIPE82-0069_0050714,2,56.8531586600799,6875_9075_STRIPE82-0069
DR4_3_STRIPE82-0069_0036367,0,1.16675218541344,8525_7425_STRIPE82-0069
DR4_3_STRIPE82-0069_0037488,0,1.55221631604809,6875_9625_STRIPE82-0069
DR4_3_STRIPE82-0069_0038003,0,1.14876632685635,6325_9075_STRIPE82-0069
DR4_3_STRIPE82-0069_0038195,0,1.14876632685635,6325_9075_STRIPE82-0069
DR4_3_STRIPE82-0069_0042041,0,1.15172277535913,8525_9075_STRIPE82-0069
DR4_3_STRIPE82-0069_0043254,0,1.15891802728041,5225_9625_STRIPE82-0069
DR4_3_STRIPE82-0069_0045142,0,2.39187282166648,9075_10175_STRIPE82-0069
DR4_3_STRIPE82-0069_0045560,0,1.34186056006473,6325_9625_STRIPE82-0069
DR4_3_STRIPE82-0069_0046879,0,1.24134104832794,8525_7975_STRIPE82-0069
DR4_3_STRIPE82-0069_0049828,0,1.15788693486548,7425_9625_STRIPE82-0069
DR4_3_STRIPE82-0070_0002234,0,1.13679928247505,6325_1375_STRIPE82-0070
DR4_3_STRIPE82-0070_0003252,0,1.55929993387145,4675_1375_STRIPE82-0070
DR4_3_STRIPE82-0070_0003817,0,1.15829537303855,5775_1925_STRIPE82-0070
DR4_3_STRIPE82-0070_0004736,0,1.15185496744633,7425_1925_STRIPE82-0070
DR4_3_STRIPE82-0070_0005824,0,1.14996883794996,6875_1925_STRIPE82-0070
DR4_3_STRIPE82-0070_0007409,0,1.95366828883706,6325_2475_STRIPE82-0070
DR4_3_STRIPE82-0069_0045211,0,1.55221631604809,6875_9625_STRIPE82-0069
DR4_3_STRIPE82-0069_0038669,1,1.14876632685635,6325_9075_STRIPE82-0069
DR4_3_STRIPE82-0070_0000297,1,40.8501176311926,6875_825_STRIPE82-0070
DR4_3_STRIPE82-0070_0000761,1,40.8501176311926,6875_825_STRIPE82-0070
DR4_3_STRIPE82-0023_0041201,1,1.26925863709056,1925_7975_STRIPE82-0023
DR4_3_STRIPE82-0023_0044512,1,4.1381480305346,1925_9075_STRIPE82-0023
DR4_3_STRIPE82-0023_0029265,1,1.14233001912619,4125_6875_STRIPE82-0023
DR4_3_STRIPE82-0023_0040652,1,1.15396806117705,3025_7975_STRIPE82-0023
DR4_3_STRIPE82-0023_0028429,0,1.14813129207554,2475_6875_STRIPE82-0023
DR4_3_STRIPE82-0023_0030775,0,1.31862811500886,2475_10175_STRIPE82-0023
DR4_3_STRIPE82-0023_0033839,0,1.16335411765024,1925_9625_STRIPE82-0023
DR4_3_STRIPE82-0023_0038548,0,1.72751646445937,3025_8525_STRIPE82-0023
DR4_3_STRIPE82-0023_0039213,0,1.15636904219155,2475_7975_STRIPE82-0023
DR4_3_STRIPE82-0023_0039999,0,1.15631001682936,3575_7975_STRIPE82-0023
DR4_3_STRIPE82-0023_0041278,0,1.98193673490166,1375_7975_STRIPE82-0023
DR4_3_STRIPE82-0023_0041929,0,1.15631001682936,3575_7975_STRIPE82-0023
DR4_3_STRIPE82-0023_0042927,0,1.63147431090551,1925_7425_STRIPE82-0023
DR4_3_STRIPE82-0023_0043894,0,1.15552391643978,2475_7425_STRIPE82-0023
DR4_3_STRIPE82-0023_0044721,0,1.15470878939464,1925_7425_STRIPE82-0023
DR4_3_STRIPE82-0023_0028491,0,1.1440664224958,4125_6875_STRIPE82-0023
DR4_3_STRIPE82-0023_0029709,0,1.20318054845576,3575_6875_STRIPE82-0023
DR4_3_STRIPE82-0023_0030992,0,1.18991237795781,3575_6875_STRIPE82-0023
DR4_3_STRIPE82-0068_0014999,2,49.8375913683545,10725_3575_STRIPE82-0068
DR4_3_STRIPE82-0068_0015800,2,49.8375913683545,10725_3575_STRIPE82-0068
DR4_3_STRIPE82-0068_0016014,2,49.8375913683545,10725_3575_STRIPE82-0068
DR4_3_STRIPE82-0066_0009460,0,1.15056154486781,3025_3025_STRIPE82-0066
DR4_3_STRIPE82-0066_0012243,0,1.69519085599628,2475_3575_STRIPE82-0066
DR4_3_STRIPE82-0066_0014335,0,1.17134143905971,1925_4125_STRIPE82-0066
DR4_3_STRIPE82-0066_0017854,0,2.10414241262149,1925_4675_STRIPE82-0066
DR4_3_STRIPE82-0066_0017981,0,1.62839570548485,3575_5225_STRIPE82-0066
DR4_3_STRIPE82-0068_0013444,0,1.13960892861512,10175_3575_STRIPE82-0068
DR4_3_STRIPE82-0068_0018564,0,1.19929072976463,7975_4125_STRIPE82-0068
DR4_3_STRIPE82-0068_0019449,0,1.58957810979829,10175_4125_STRIPE82-0068
DR4_3_STRIPE82-0068_0020107,0,1.58957810979829,10175_4125_STRIPE82-0068
DR4_3_STRIPE82-0066_0013182,1,9.5246639251059,1375_3575_STRIPE82-0066
DR4_3_STRIPE82-0066_0023564,1,20.1039285217331,1375_6325_STRIPE82-0066
DR4_3_STRIPE82-0068_0012230,1,29.7581846943574,8525_3025_STRIPE82-0068
DR4_3_STRIPE82-0068_0012774,1,29.7581846943574,8525_3025_STRIPE82-0068
DR4_3_STRIPE82-0068_0013836,1,29.7581846943574,8525_3025_STRIPE82-0068
DR4_3_STRIPE82-0068_0013381,1,217.10880672596,8525_3575_STRIPE82-0068
DR4_3_STRIPE82-0068_0015351,1,1.14797460582697,10175_3575_STRIPE82-0068
DR4_3_STRIPE82-0053_0005062,0,1.15257530659632,4125_1925_STRIPE82-0053
DR4_3_STRIPE82-0053_0005541,0,1.15257530659632,4125_1925_STRIPE82-0053
DR4_3_STRIPE82-0053_0005958,0,1.15257530659632,4125_1925_STRIPE82-0053
DR4_3_STRIPE82-0053_0006685,0,1.7838824884315,4675_2475_STRIPE82-0053
DR4_3_STRIPE82-0053_0006733,0,2.09982197534675,4125_2475_STRIPE82-0053
DR4_3_STRIPE82-0053_0007201,0,1.7838824884315,4675_2475_STRIPE82-0053
DR4_3_STRIPE82-0053_0007535,0,1.7838824884315,4675_2475_STRIPE82-0053
DR4_3_STRIPE82-0053_0007608,0,1.7838824884315,4675_2475_STRIPE82-0053
DR4_3_STRIPE82-0053_0008413,0,1.7838824884315,4675_2475_STRIPE82-0053
DR4_3_STRIPE82-0053_0008429,0,1.7838824884315,4675_2475_STRIPE82-0053
DR4_3_STRIPE82-0053_0008776,0,1.7838824884315,4675_2475_STRIPE82-0053
DR4_3_STRIPE82-0053_0009846,0,1.18515405464424,4125_3025_STRIPE82-0053
DR4_3_STRIPE82-0053_0009953,0,1.16755448711698,4675_3025_STRIPE82-0053
DR4_3_STRIPE82-0053_0010057,0,1.14886024287301,5225_3025_STRIPE82-0053
DR4_3_STRIPE82-0053_0010211,0,1.16755448711698,4675_3025_STRIPE82-0053
DR4_3_STRIPE82-0053_0011861,0,1.16612469364583,4125_2475_STRIPE82-0053
DR4_3_STRIPE82-0053_0007887,0,1.7838824884315,4675_2475_STRIPE82-0053
DR4_3_STRIPE82-0053_0008237,0,1.7838824884315,4675_2475_STRIPE82-0053
DR4_3_STRIPE82-0053_0008747,0,1.7838824884315,4675_2475_STRIPE82-0053
DR4_3_STRIPE82-0002_0023829,1,1.16185784974838,5775_5775_STRIPE82-0002
DR4_3_STRIPE82-0002_0025121,1,1.15597720986676,5775_5775_STRIPE82-0002
DR4_3_STRIPE82-0002_0015378,0,1.97212835338843,5775_3575_STRIPE82-0002
DR4_3_STRIPE82-0002_0018956,0,1.15850915803741,5775_4675_STRIPE82-0002
DR4_3_STRIPE82-0002_0019060,0,1.15850915803741,5775_4675_STRIPE82-0002
DR4_3_STRIPE82-0002_0021795,0,1.2579966544223,5775_5225_STRIPE82-0002
DR4_3_STRIPE82-0002_0022393,0,1.2579966544223,5775_5225_STRIPE82-0002
DR4_3_STRIPE82-0002_0022824,0,1.17221029585197,5225_5225_STRIPE82-0002
DR4_3_STRIPE82-0002_0022848,0,1.2579966544223,5775_5225_STRIPE82-0002
DR4_3_STRIPE82-0002_0023820,0,1.97527716704243,5775_5775_STRIPE82-0002
DR4_3_STRIPE82-0002_0024796,0,1.97527716704243,5775_5775_STRIPE82-0002
DR4_3_STRIPE82-0002_0024989,0,1.43949137058618,6325_5775_STRIPE82-0002
DR4_3_STRIPE82-0002_0027238,0,1.14611693064106,5225_5775_STRIPE82-0002
DR4_3_STRIPE82-0002_0027677,0,1.48115406257434,6325_6325_STRIPE82-0002
DR4_3_STRIPE82-0002_0029302,0,1.15921294463654,5225_6325_STRIPE82-0002
DR4_3_STRIPE82-0002_0024061,0,1.16359859625935,5225_5775_STRIPE82-0002
DR4_3_STRIPE82-0002_0024260,0,1.16359859625935,5225_5775_STRIPE82-0002
DR4_3_STRIPE82-0002_0024243,0,1.97527716704243,5775_5775_STRIPE82-0002
DR4_3_STRIPE82-0041_0022562,2,1.16310366653634,4675_5225_STRIPE82-0041
DR4_3_STRIPE82-0002_0001343,0,1.17490527465406,4125_825_STRIPE82-0002
DR4_3_STRIPE82-0002_0002779,0,1.15159742725944,3575_1375_STRIPE82-0002
DR4_3_STRIPE82-0003_0025317,0,1.48805962794649,4125_6325_STRIPE82-0003
DR4_3_STRIPE82-0003_0025896,0,1.15210878182268,4125_6875_STRIPE82-0003
DR4_3_STRIPE82-0004_0020059,0,1.16271774606142,10175_5225_STRIPE82-0004
DR4_3_STRIPE82-0007_0030433,0,1.36238717015601,5775_7425_STRIPE82-0007
DR4_3_STRIPE82-0010_0019959,0,1.15080723463871,6325_4125_STRIPE82-0010
DR4_3_STRIPE82-0010_0020563,0,1.15080723463871,6325_4125_STRIPE82-0010
DR4_3_STRIPE82-0017_0043860,0,1.15428459295092,6875_7425_STRIPE82-0017
DR4_3_STRIPE82-0020_0033646,0,1.15666777343762,8525_7425_STRIPE82-0020
DR4_3_STRIPE82-0024_0004176,0,1.18317777797196,9075_1925_STRIPE82-0024
DR4_3_STRIPE82-0025_0044140,0,1.16020244686756,3575_7975_STRIPE82-0025
DR4_3_STRIPE82-0026_0008851,0,1.14159723925869,2475_2475_STRIPE82-0026
DR4_3_STRIPE82-0026_0014065,0,1.17609252578025,2475_3025_STRIPE82-0026
DR4_3_STRIPE82-0026_0017947,0,1.14193146964734,3575_4125_STRIPE82-0026
DR4_3_STRIPE82-0028_0012797,0,1.27538639389123,4125_4125_STRIPE82-0028
DR4_3_STRIPE82-0028_0026138,0,1.14775979348983,5225_7975_STRIPE82-0028
DR4_3_STRIPE82-0031_0030102,0,1.51949248868878,5775_6875_STRIPE82-0031
DR4_3_STRIPE82-0033_0028545,0,1.16061189931793,1925_6325_STRIPE82-0033
DR4_3_STRIPE82-0036_0006069,0,1.15185721930019,7425_3025_STRIPE82-0036
DR4_3_STRIPE82-0036_0006685,0,1.15185721930019,7425_3025_STRIPE82-0036
DR4_3_STRIPE82-0036_0007804,0,1.15812748519331,7425_3575_STRIPE82-0036
DR4_3_STRIPE82-0040_0008126,0,1.15279655257716,10175_2475_STRIPE82-0040
DR4_3_STRIPE82-0040_0008350,0,1.15279655257716,10175_2475_STRIPE82-0040
DR4_3_STRIPE82-0041_0022483,0,1.33729870352392,3575_5225_STRIPE82-0041
DR4_3_STRIPE82-0041_0030573,0,1.66829538409013,3575_6875_STRIPE82-0041
DR4_3_STRIPE82-0042_0004553,0,1.18413410575743,8525_1375_STRIPE82-0042
DR4_3_STRIPE82-0042_0010453,0,1.14539473834715,7425_3025_STRIPE82-0042
DR4_3_STRIPE82-0042_0031981,0,1.26087023471889,5775_6875_STRIPE82-0042
DR4_3_STRIPE82-0046_0002324,0,1.14253022173728,3575_1375_STRIPE82-0046
DR4_3_STRIPE82-0048_0011218,0,1.16835158443281,7425_3025_STRIPE82-0048
DR4_3_STRIPE82-0048_0020118,0,1.17409545373052,8525_4675_STRIPE82-0048
DR4_3_STRIPE82-0055_0033304,0,1.14977164119828,4125_6875_STRIPE82-0055
DR4_3_STRIPE82-0061_0022397,0,1.2366667658792,5775_4675_STRIPE82-0061
DR4_3_STRIPE82-0061_0023952,0,1.2366667658792,5775_4675_STRIPE82-0061
DR4_3_STRIPE82-0066_0020740,0,1.16062000864426,9625_5775_STRIPE82-0066
DR4_3_STRIPE82-0067_0012961,0,1.23474984132335,8525_3575_STRIPE82-0067
DR4_3_STRIPE82-0067_0016750,0,1.23474984132335,8525_3575_STRIPE82-0067
DR4_3_STRIPE82-0067_0043115,0,1.14859153195189,6325_7425_STRIPE82-0067
DR4_3_STRIPE82-0075_0021644,0,1.2724912312303,6875_5775_STRIPE82-0075
DR4_3_STRIPE82-0075_0022545,0,1.15238401881725,5775_5775_STRIPE82-0075
DR4_3_STRIPE82-0102_0042578,0,1.14553996476707,9625_4675_STRIPE82-0102
DR4_3_STRIPE82-0103_0013070,0,1.14924773251043,4125_1925_STRIPE82-0103
DR4_3_STRIPE82-0106_0043990,0,1.16623857098636,7425_6875_STRIPE82-0106
DR4_3_STRIPE82-0106_0047949,0,1.16623857098636,7425_6875_STRIPE82-0106
DR4_3_STRIPE82-0119_0058654,0,1.15713332958122,3025_9075_STRIPE82-0119
DR4_3_STRIPE82-0122_0039202,0,1.26801432437285,7975_7425_STRIPE82-0122
DR4_3_STRIPE82-0140_0022663,0,1.41810240363265,6325_4675_STRIPE82-0140
DR4_3_STRIPE82-0140_0024156,0,1.15043495041165,8525_4675_STRIPE82-0140
DR4_3_STRIPE82-0141_0040662,0,48.0951799674158,1375_10175_STRIPE82-0141
DR4_3_STRIPE82-0003_0027255,0,1.74021830642877,3575_6875_STRIPE82-0003
DR4_3_STRIPE82-0007_0026718,0,1.13976625933042,6325_6325_STRIPE82-0007
DR4_3_STRIPE82-0024_0003429,0,1.15039203302677,9075_1925_STRIPE82-0024
DR4_3_STRIPE82-0040_0009934,0,1.1541915887905,10175_3025_STRIPE82-0040
DR4_3_STRIPE82-0042_0031825,0,1.14599040974656,5775_6875_STRIPE82-0042
DR4_3_STRIPE82-0048_0015134,0,1.15727147819934,8525_3575_STRIPE82-0048
DR4_3_STRIPE82-0067_0027258,0,1.14099108587532,6325_6325_STRIPE82-0067
DR4_3_STRIPE82-0075_0023874,0,1.15048150833612,5775_6325_STRIPE82-0075
DR4_3_STRIPE82-0106_0043792,0,1.1462982420299,7425_6325_STRIPE82-0106
DR4_3_STRIPE82-0119_0065519,0,1.14150693602479,3025_9075_STRIPE82-0119
DR4_3_STRIPE82-0033_0027083,0,1.16061189931793,1925_6325_STRIPE82-0033
DR4_3_STRIPE82-0033_0027180,0,1.16061189931793,1925_6325_STRIPE82-0033
DR4_3_STRIPE82-0141_0041177,0,1.16057433834182,1925_9625_STRIPE82-0141
DR4_3_STRIPE82-0141_0041913,0,1.16057433834182,1925_9625_STRIPE82-0141
DR4_3_STRIPE82-0141_0042943,0,1.16057433834182,1925_9625_STRIPE82-0141
DR4_3_STRIPE82-0026_0013029,0,1.14195399251044,3025_3025_STRIPE82-0026
DR4_3_STRIPE82-0119_0064178,0,1.20904104620294,3025_9625_STRIPE82-0119
DR4_3_STRIPE82-0119_0064658,0,1.20904104620294,3025_9625_STRIPE82-0119
DR4_3_STRIPE82-0103_0010091,0,1.15170720752965,3575_1925_STRIPE82-0103
DR4_3_STRIPE82-0103_0011714,0,1.15170720752965,3575_1925_STRIPE82-0103
DR4_3_STRIPE82-0120_0020904,0,1.21309546105061,3575_4675_STRIPE82-0120
DR4_3_STRIPE82-0120_0020920,0,1.21309546105061,3575_4675_STRIPE82-0120
DR4_3_STRIPE82-0120_0020942,0,1.21309546105061,3575_4675_STRIPE82-0120
DR4_3_STRIPE82-0143_0017810,0,1.14694403457422,3575_4675_STRIPE82-0143
DR4_3_STRIPE82-0143_0018830,0,1.14694403457422,3575_4675_STRIPE82-0143
DR4_3_STRIPE82-0055_0029316,0,1.35428185737321,3575_6875_STRIPE82-0055
DR4_3_STRIPE82-0055_0029731,0,1.35428185737321,3575_6875_STRIPE82-0055
DR4_3_STRIPE82-0055_0032648,0,1.35428185737321,3575_6875_STRIPE82-0055
DR4_3_STRIPE82-0025_0034051,0,1.14978407630608,3575_7425_STRIPE82-0025
DR4_3_STRIPE82-0025_0034389,0,1.14978407630608,3575_7425_STRIPE82-0025
DR4_3_STRIPE82-0025_0034610,0,1.14978407630608,3575_7425_STRIPE82-0025
DR4_3_STRIPE82-0045_0043404,0,1.39502959921466,3575_10175_STRIPE82-0045
DR4_3_STRIPE82-0045_0044148,0,1.39502959921466,3575_10175_STRIPE82-0045
DR4_3_STRIPE82-0045_0046619,0,1.39502959921466,3575_10175_STRIPE82-0045
DR4_3_STRIPE82-0002_0003043,0,1.14823713053714,4125_1375_STRIPE82-0002
DR4_3_STRIPE82-0002_0003048,0,1.14823713053714,4125_1375_STRIPE82-0002
DR4_3_STRIPE82-0002_0003144,0,1.14823713053714,4125_1375_STRIPE82-0002
DR4_3_STRIPE82-0026_0015824,0,1.15693775788114,4125_3575_STRIPE82-0026
DR4_3_STRIPE82-0026_0016355,0,1.15693775788114,4125_3575_STRIPE82-0026
DR4_3_STRIPE82-0026_0016559,0,1.15693775788114,4125_3575_STRIPE82-0026
DR4_3_STRIPE82-0026_0016568,0,1.15693775788114,4125_3575_STRIPE82-0026
DR4_3_STRIPE82-0028_0012646,0,1.27538639389123,4125_4125_STRIPE82-0028
DR4_3_STRIPE82-0028_0012692,0,1.27538639389123,4125_4125_STRIPE82-0028
DR4_3_STRIPE82-0028_0012718,0,1.27538639389123,4125_4125_STRIPE82-0028
DR4_3_STRIPE82-0041_0023823,0,1.15136815769855,4125_5225_STRIPE82-0041
DR4_3_STRIPE82-0003_0027190,0,1.15210878182268,4125_6875_STRIPE82-0003
DR4_3_STRIPE82-0003_0027746,0,1.15210878182268,4125_6875_STRIPE82-0003
DR4_3_STRIPE82-0041_0024671,0,1.16310366653634,4675_5225_STRIPE82-0041
DR4_3_STRIPE82-0075_0024352,0,1.22501061312626,5225_6325_STRIPE82-0075
DR4_3_STRIPE82-0028_0026573,0,1.155188877081,5225_7425_STRIPE82-0028
DR4_3_STRIPE82-0028_0026621,0,1.155188877081,5225_7425_STRIPE82-0028
DR4_3_STRIPE82-0028_0026723,0,1.155188877081,5225_7425_STRIPE82-0028
DR4_3_STRIPE82-0075_0024261,0,1.52672288968825,5775_6325_STRIPE82-0075
DR4_3_STRIPE82-0042_0031826,0,1.26087023471889,5775_6875_STRIPE82-0042
DR4_3_STRIPE82-0042_0031936,0,1.26087023471889,5775_6875_STRIPE82-0042
DR4_3_STRIPE82-0075_0019103,0,1.15813147913292,6325_5225_STRIPE82-0075
DR4_3_STRIPE82-0075_0019763,0,1.15813147913292,6325_5225_STRIPE82-0075
DR4_3_STRIPE82-0007_0026140,0,1.14634790621673,6325_6325_STRIPE82-0007
DR4_3_STRIPE82-0007_0027125,0,1.14634790621673,6325_6325_STRIPE82-0007
DR4_3_STRIPE82-0061_0032203,0,1.21111437502214,6325_6325_STRIPE82-0061
DR4_3_STRIPE82-0061_0033009,0,1.21111437502214,6325_6325_STRIPE82-0061
DR4_3_STRIPE82-0031_0040934,0,1.32567341841552,6325_7425_STRIPE82-0031
DR4_3_STRIPE82-0031_0041933,0,1.32567341841552,6325_7425_STRIPE82-0031
DR4_3_STRIPE82-0031_0042134,0,1.32567341841552,6325_7425_STRIPE82-0031
DR4_3_STRIPE82-0036_0007115,0,1.14863299456649,6875_3025_STRIPE82-0036
DR4_3_STRIPE82-0036_0007217,0,1.15232347439182,6875_3575_STRIPE82-0036
DR4_3_STRIPE82-0140_0023430,0,1.15078555131532,6875_4675_STRIPE82-0140
DR4_3_STRIPE82-0075_0019678,0,1.1515936915618,6875_5225_STRIPE82-0075
DR4_3_STRIPE82-0017_0040467,0,1.15428459295092,6875_7425_STRIPE82-0017
DR4_3_STRIPE82-0017_0043418,0,1.15428459295092,6875_7425_STRIPE82-0017
DR4_3_STRIPE82-0017_0043510,0,1.15428459295092,6875_7425_STRIPE82-0017
DR4_3_STRIPE82-0140_0021692,0,1.20480679257255,7425_4675_STRIPE82-0140
DR4_3_STRIPE82-0140_0023318,0,1.20480679257255,7425_4675_STRIPE82-0140
DR4_3_STRIPE82-0106_0043814,0,1.2001117279292,7425_6325_STRIPE82-0106
DR4_3_STRIPE82-0110_0048262,0,1.60563499734797,7425_6875_STRIPE82-0110
DR4_3_STRIPE82-0110_0048354,0,1.60563499734797,7425_6875_STRIPE82-0110
DR4_3_STRIPE82-0110_0048954,0,1.60563499734797,7425_6875_STRIPE82-0110
DR4_3_STRIPE82-0020_0044208,0,1.16364592101569,7425_7425_STRIPE82-0020
DR4_3_STRIPE82-0020_0044584,0,1.16364592101569,7425_7425_STRIPE82-0020
DR4_3_STRIPE82-0020_0044876,0,1.16364592101569,7425_7425_STRIPE82-0020
DR4_3_STRIPE82-0001_0006417,0,1.14980714938358,7975_2475_STRIPE82-0001
DR4_3_STRIPE82-0001_0007728,0,1.14980714938358,7975_2475_STRIPE82-0001
DR4_3_STRIPE82-0001_0007918,0,1.14980714938358,7975_2475_STRIPE82-0001
DR4_3_STRIPE82-0001_0008235,0,1.14980714938358,7975_2475_STRIPE82-0001
DR4_3_STRIPE82-0067_0010184,0,1.14355673437209,8525_3025_STRIPE82-0067
DR4_3_STRIPE82-0067_0011186,0,1.14355673437209,8525_3025_STRIPE82-0067
DR4_3_STRIPE82-0048_0015024,0,1.15537460670606,8525_3575_STRIPE82-0048
DR4_3_STRIPE82-0048_0020760,0,1.18685571179312,8525_4125_STRIPE82-0048
DR4_3_STRIPE82-0122_0043862,0,1.64852254284682,8525_7425_STRIPE82-0122
DR4_3_STRIPE82-0122_0044181,0,1.64852254284682,8525_7425_STRIPE82-0122
DR4_3_STRIPE82-0122_0053974,0,1.64852254284682,8525_7425_STRIPE82-0122
DR4_3_STRIPE82-0024_0002020,0,1.33934818293618,9075_1375_STRIPE82-0024
DR4_3_STRIPE82-0024_0002837,0,1.33934818293618,9075_1375_STRIPE82-0024
DR4_3_STRIPE82-0067_0010281,0,1.43366442280861,9075_3025_STRIPE82-0067
DR4_3_STRIPE82-0102_0049612,0,1.80455745228952,9625_5225_STRIPE82-0102
DR4_3_STRIPE82-0066_0023286,0,1.28004168480247,9625_6325_STRIPE82-0066
DR4_3_STRIPE82-0066_0023482,0,1.28004168480247,9625_6325_STRIPE82-0066
DR4_3_STRIPE82-0066_0023578,0,1.28004168480247,9625_6325_STRIPE82-0066
DR4_3_STRIPE82-0040_0009414,0,1.15279655257716,10175_2475_STRIPE82-0040
DR4_3_STRIPE82-0040_0010455,0,1.15279655257716,10175_2475_STRIPE82-0040
DR4_3_STRIPE82-0004_0023106,0,1.15504633942405,10175_5775_STRIPE82-0004
DR4_3_STRIPE82-0004_0023710,0,1.15504633942405,10175_5775_STRIPE82-0004
DR4_3_STRIPE82-0004_0023783,0,1.15504633942405,10175_5775_STRIPE82-0004
DR4_3_STRIPE82-0035_0019633,1,33.7477460101135,10725_5775_STRIPE82-0035
DR4_3_STRIPE82-0110_0044127,1,1.87578484718931,7425_6325_STRIPE82-0110
DR4_3_STRIPE82-0120_0020716,1,1.21309546105061,3575_4675_STRIPE82-0120
DR4_3_STRIPE82-0010_0015065,1,1.13636768550008,6325_3575_STRIPE82-0010
DR4_3_STRIPE82-0010_0016126,1,1.13881138659368,6325_3575_STRIPE82-0010
DR4_3_STRIPE82-0106_0043406,1,1.14596614056965,7425_6325_STRIPE82-0106
DR4_3_STRIPE82-0026_0014222,1,1.14195399251044,3025_3025_STRIPE82-0026
DR4_3_STRIPE82-0026_0014313,1,1.14195399251044,3025_3025_STRIPE82-0026
DR4_3_STRIPE82-0103_0013781,1,1.15170720752965,3575_1925_STRIPE82-0103
DR4_3_STRIPE82-0010_0015944,1,1.1441929710828,6325_3575_STRIPE82-0010
DR4_3_STRIPE82-0061_0033732,1,1.21111437502214,6325_6325_STRIPE82-0061
DR4_3_STRIPE82-0067_0027212,1,1.14973803752281,6325_6325_STRIPE82-0067
DR4_3_STRIPE82-0067_0043618,1,1.32530755561012,6325_6875_STRIPE82-0067
DR4_3_STRIPE82-0031_0031915,1,1.32567341841552,6325_7425_STRIPE82-0031
DR4_3_STRIPE82-0042_0009358,1,1.14732714172679,7975_2475_STRIPE82-0042
DR4_3_STRIPE82-0042_0010638,1,1.14732714172679,7975_2475_STRIPE82-0042
DR4_3_STRIPE82-0102_0052304,1,1.80455745228952,9625_5225_STRIPE82-0102
DR4_3_STRIPE82-0102_0052142,1,45.1977621868333,10175_5225_STRIPE82-0102
DR4_3_STRIPE82-0039_0039321,1,1.15948594466105,7425_6875_STRIPE82-0039
DR4_3_STRIPE82-0039_0039916,1,1.15948594466105,7425_6875_STRIPE82-0039
DR4_3_STRIPE82-0039_0025461,0,1.34885319488183,6875_4675_STRIPE82-0039
DR4_3_STRIPE82-0039_0028359,0,1.24404519339831,6875_5225_STRIPE82-0039
DR4_3_STRIPE82-0039_0028659,0,1.19321039899871,7975_5225_STRIPE82-0039
DR4_3_STRIPE82-0039_0029977,0,1.18530408036968,6875_5775_STRIPE82-0039
DR4_3_STRIPE82-0039_0030051,0,1.18530408036968,6875_5775_STRIPE82-0039
DR4_3_STRIPE82-0039_0030625,0,1.18530408036968,6875_5775_STRIPE82-0039
DR4_3_STRIPE82-0039_0031104,0,1.26561327684005,7975_5775_STRIPE82-0039
DR4_3_STRIPE82-0039_0031185,0,1.16952420376598,7425_5775_STRIPE82-0039
DR4_3_STRIPE82-0039_0031432,0,1.16952420376598,7425_5775_STRIPE82-0039
DR4_3_STRIPE82-0039_0031868,0,1.26561327684005,7975_5775_STRIPE82-0039
DR4_3_STRIPE82-0039_0032796,0,1.18530408036968,6875_5775_STRIPE82-0039
DR4_3_STRIPE82-0039_0033150,0,1.18970639246632,7425_5775_STRIPE82-0039
DR4_3_STRIPE82-0039_0037336,0,1.18267516779563,7975_6325_STRIPE82-0039
DR4_3_STRIPE82-0039_0041511,0,1.17502696593384,7425_7425_STRIPE82-0039
DR4_3_STRIPE82-0039_0042415,0,1.17502696593384,7425_7425_STRIPE82-0039
DR4_3_STRIPE82-0039_0040610,0,1.15948594466105,7425_6875_STRIPE82-0039
DR4_3_STRIPE82-0044_0033801,2,0.984270354061464,10725_6875_STRIPE82-0044
DR4_3_STRIPE82-0044_0043726,2,0.985440362711435,10175_7425_STRIPE82-0044
DR4_3_STRIPE82-0044_0044032,2,0.985357605901585,10175_7425_STRIPE82-0044
DR4_3_STRIPE82-0044_0042923,1,1.14833947746347,10175_7975_STRIPE82-0044
DR4_3_STRIPE82-0042_0033556,0,34.0860978567871,1375_6875_STRIPE82-0042
DR4_3_STRIPE82-0042_0033994,0,1.39924375177292,1925_6875_STRIPE82-0042
DR4_3_STRIPE82-0042_0036736,0,1.15351232540127,1925_7425_STRIPE82-0042
DR4_3_STRIPE82-0044_0033429,0,1.15216772824908,10175_6875_STRIPE82-0044
DR4_3_STRIPE82-0044_0033547,0,1.21670124878921,9075_6875_STRIPE82-0044
DR4_3_STRIPE82-0044_0034212,0,1.14888787286352,10175_7425_STRIPE82-0044
DR4_3_STRIPE82-0044_0035142,0,36.1458299794363,10725_7425_STRIPE82-0044
DR4_3_STRIPE82-0044_0043358,0,1.15448494021098,9625_7975_STRIPE82-0044
DR4_3_STRIPE82-0044_0044487,0,1.14888787286352,10175_7425_STRIPE82-0044
DR4_3_STRIPE82-0044_0044638,0,1.14888787286352,10175_7425_STRIPE82-0044
DR4_3_STRIPE82-0044_0044648,0,1.14888787286352,10175_7425_STRIPE82-0044
DR4_3_STRIPE82-0044_0044759,0,1.14888787286352,10175_7425_STRIPE82-0044
DR4_3_STRIPE82-0044_0039568,0,1.14833947746347,10175_7975_STRIPE82-0044
DR4_3_STRIPE82-0149_0025729,1,38.9414693041656,10725_6325_STRIPE82-0149
DR4_3_STRIPE82-0149_0041669,1,1.15661232450547,9625_7425_STRIPE82-0149
DR4_3_STRIPE82-0149_0043183,1,1.15661232450547,9625_7425_STRIPE82-0149
DR4_3_STRIPE82-0149_0043415,1,1.15661232450547,9625_7425_STRIPE82-0149
DR4_3_STRIPE82-0147_0040264,0,1.14474356057633,1375_7425_STRIPE82-0147
DR4_3_STRIPE82-0149_0025351,0,1.79108271221904,10175_6325_STRIPE82-0149
DR4_3_STRIPE82-0149_0025831,0,1.79108271221904,10175_6325_STRIPE82-0149
DR4_3_STRIPE82-0149_0028038,0,1.16243627330641,9625_6875_STRIPE82-0149
DR4_3_STRIPE82-0149_0040821,0,1.17594196480928,9625_7975_STRIPE82-0149
DR4_3_STRIPE82-0149_0041278,0,1.15661232450547,9625_7425_STRIPE82-0149
DR4_3_STRIPE82-0149_0041769,0,1.15661232450547,9625_7425_STRIPE82-0149
DR4_3_STRIPE82-0149_0042845,0,1.15795194312805,9075_7425_STRIPE82-0149
DR4_3_STRIPE82-0149_0043053,0,1.16064879148657,10175_7425_STRIPE82-0149
DR4_3_STRIPE82-0149_0042030,0,1.15041358811544,10175_7425_STRIPE82-0149
DR4_3_STRIPE82-0149_0043109,0,1.15041358811544,10175_7425_STRIPE82-0149
DR4_3_STRIPE82-0149_0040389,0,1.14964060382884,10175_7975_STRIPE82-0149
DR4_3_STRIPE82-0149_0024633,0,1.17952364917567,7975_6325_STRIPE82-0149
DR4_3_STRIPE82-0149_0024639,0,1.16272355618488,7975_6325_STRIPE82-0149
DR4_3_STRIPE82-0149_0025230,0,1.15758203452262,7425_6325_STRIPE82-0149
DR4_3_STRIPE82-0149_0025706,0,1.15758203452262,7425_6325_STRIPE82-0149
DR4_3_STRIPE82-0149_0025715,0,1.16416837550046,7975_6325_STRIPE82-0149
DR4_3_STRIPE82-0149_0026625,0,2.3475194962295,7425_6875_STRIPE82-0149
DR4_3_STRIPE82-0149_0026924,0,2.3475194962295,7425_6875_STRIPE82-0149
DR4_3_STRIPE82-0149_0026949,0,2.3475194962295,7425_6875_STRIPE82-0149
DR4_3_STRIPE82-0149_0028362,0,2.3475194962295,7425_6875_STRIPE82-0149
DR4_3_STRIPE82-0149_0028431,0,2.3475194962295,7425_6875_STRIPE82-0149
DR4_3_STRIPE82-0149_0029648,0,1.15658464989727,8525_7425_STRIPE82-0149
DR4_3_STRIPE82-0149_0029878,0,1.16180514978995,7425_6875_STRIPE82-0149
DR4_3_STRIPE82-0149_0041197,0,1.16449277135864,7425_7425_STRIPE82-0149
DR4_3_STRIPE82-0149_0043166,0,1.15041206492788,6875_7425_STRIPE82-0149
DR4_3_STRIPE82-0149_0025864,0,1.15758203452262,7425_6325_STRIPE82-0149
DR4_3_STRIPE82-0149_0025948,0,1.15758203452262,7425_6325_STRIPE82-0149
DR4_3_STRIPE82-0149_0026564,0,1.15758203452262,7425_6325_STRIPE82-0149
DR4_3_STRIPE82-0007_0029896,2,3.86430228713423,6325_6875_STRIPE82-0007
DR4_3_STRIPE82-0163_0017132,2,25.730144891883,4675_5775_STRIPE82-0163
DR4_3_STRIPE82-0044_0015410,2,23.3968840631923,7975_3575_STRIPE82-0044
DR4_3_STRIPE82-0004_0013642,2,1.16478700742948,6325_3575_STRIPE82-0004
DR4_3_STRIPE82-0004_0009141,0,1.15424531619427,6875_3025_STRIPE82-0004
DR4_3_STRIPE82-0004_0009162,0,1.15989313623579,6325_3025_STRIPE82-0004
DR4_3_STRIPE82-0004_0010378,0,1.15424531619427,6875_3025_STRIPE82-0004
DR4_3_STRIPE82-0004_0010649,0,1.15424531619427,6875_3025_STRIPE82-0004
DR4_3_STRIPE82-0004_0012871,0,1.14261072471282,3575_3575_STRIPE82-0004
DR4_3_STRIPE82-0004_0014721,0,1.17299342892241,3025_4125_STRIPE82-0004
DR4_3_STRIPE82-0004_0015682,0,1.17299342892241,3025_4125_STRIPE82-0004
DR4_3_STRIPE82-0004_0016672,0,1.2675908061683,2475_4675_STRIPE82-0004
DR4_3_STRIPE82-0004_0017530,0,1.30901868185942,3025_4675_STRIPE82-0004
DR4_3_STRIPE82-0004_0018383,0,1.30901868185942,3025_4675_STRIPE82-0004
DR4_3_STRIPE82-0005_0021836,0,1.1505687100835,10175_6325_STRIPE82-0005
DR4_3_STRIPE82-0005_0029727,0,1.18191598300513,8525_6875_STRIPE82-0005
DR4_3_STRIPE82-0007_0039503,0,1.15244062505361,6325_8525_STRIPE82-0007
DR4_3_STRIPE82-0009_0013176,0,1.16361741422055,8525_3025_STRIPE82-0009
DR4_3_STRIPE82-0009_0013219,0,1.15159249700927,8525_3025_STRIPE82-0009
DR4_3_STRIPE82-0009_0015378,0,1.60732467782704,9075_3575_STRIPE82-0009
DR4_3_STRIPE82-0011_0015984,0,1.29768730725195,2475_4125_STRIPE82-0011
DR4_3_STRIPE82-0011_0019172,0,1.56912809931497,3025_5225_STRIPE82-0011
DR4_3_STRIPE82-0011_0019647,0,1.15651800325145,1925_5225_STRIPE82-0011
DR4_3_STRIPE82-0013_0018752,0,1.1766878904182,10175_4675_STRIPE82-0013
DR4_3_STRIPE82-0013_0021211,0,1.15805216468558,10175_5225_STRIPE82-0013
DR4_3_STRIPE82-0013_0023713,0,1.13698595367039,10725_5225_STRIPE82-0013
DR4_3_STRIPE82-0016_0002702,0,1.14943071493566,6875_1375_STRIPE82-0016
DR4_3_STRIPE82-0016_0004302,0,1.14380925931219,6875_1375_STRIPE82-0016
DR4_3_STRIPE82-0016_0004578,0,1.14380925931219,6875_1375_STRIPE82-0016
DR4_3_STRIPE82-0016_0004888,0,1.14380925931219,6875_1375_STRIPE82-0016
DR4_3_STRIPE82-0016_0006951,0,1.14798403453359,6875_1925_STRIPE82-0016
DR4_3_STRIPE82-0017_0012132,0,1.31176941759071,4125_3575_STRIPE82-0017
DR4_3_STRIPE82-0017_0012205,0,1.31176941759071,4125_3575_STRIPE82-0017
DR4_3_STRIPE82-0017_0015638,0,1.16356141842796,4675_4125_STRIPE82-0017
DR4_3_STRIPE82-0017_0016313,0,1.16356141842796,4675_4125_STRIPE82-0017
DR4_3_STRIPE82-0017_0016947,0,1.14456671590228,5225_4125_STRIPE82-0017
DR4_3_STRIPE82-0017_0017217,0,1.14628012863752,4675_4675_STRIPE82-0017
DR4_3_STRIPE82-0017_0018434,0,1.14628012863752,4675_4675_STRIPE82-0017
DR4_3_STRIPE82-0017_0018559,0,1.17226967383414,4125_4675_STRIPE82-0017
DR4_3_STRIPE82-0017_0021569,0,1.15196643582121,4675_5225_STRIPE82-0017
DR4_3_STRIPE82-0017_0030186,0,1.53933741937389,4125_10175_STRIPE82-0017
DR4_3_STRIPE82-0017_0044561,0,1.53933741937389,4125_10175_STRIPE82-0017
DR4_3_STRIPE82-0018_0002101,0,1.14516885037885,3575_1375_STRIPE82-0018
DR4_3_STRIPE82-0018_0003272,0,1.14663786487715,3025_1375_STRIPE82-0018
DR4_3_STRIPE82-0018_0003439,0,1.14516885037885,3575_1375_STRIPE82-0018
DR4_3_STRIPE82-0018_0005083,0,1.7222073812451,3575_1925_STRIPE82-0018
DR4_3_STRIPE82-0018_0005701,0,1.24293233899578,3025_1925_STRIPE82-0018
DR4_3_STRIPE82-0018_0005919,0,1.24293233899578,3025_1925_STRIPE82-0018
DR4_3_STRIPE82-0020_0023612,0,1.15613667248992,3025_5225_STRIPE82-0020
DR4_3_STRIPE82-0020_0023815,0,1.13320394922389,4125_5225_STRIPE82-0020
DR4_3_STRIPE82-0020_0024124,0,1.17601624432763,3025_5225_STRIPE82-0020
DR4_3_STRIPE82-0021_0044497,0,7.14023280563064,5775_10175_STRIPE82-0021
DR4_3_STRIPE82-0027_0032949,0,1.14470470257972,9075_7975_STRIPE82-0027
DR4_3_STRIPE82-0027_0033303,0,1.1399797025398,9075_7975_STRIPE82-0027
DR4_3_STRIPE82-0027_0036083,0,1.56356139782012,7975_9075_STRIPE82-0027
DR4_3_STRIPE82-0027_0038675,0,1.19845852413509,7975_9625_STRIPE82-0027
DR4_3_STRIPE82-0027_0045207,0,1.19845852413509,7975_9625_STRIPE82-0027
DR4_3_STRIPE82-0027_0045859,0,1.23135627351731,8525_9625_STRIPE82-0027
DR4_3_STRIPE82-0028_0000424,0,1.15132368970212,8525_1375_STRIPE82-0028
DR4_3_STRIPE82-0029_0025151,0,1.12723657862975,2475_5225_STRIPE82-0029
DR4_3_STRIPE82-0041_0008058,0,1.14899228347479,5775_2475_STRIPE82-0041
DR4_3_STRIPE82-0041_0010639,0,1.14707915473982,6875_2475_STRIPE82-0041
DR4_3_STRIPE82-0041_0010674,0,1.15417473447997,6325_2475_STRIPE82-0041
DR4_3_STRIPE82-0041_0010907,0,1.1431589814711,5225_3025_STRIPE82-0041
DR4_3_STRIPE82-0041_0012870,0,1.15805462730496,5775_3025_STRIPE82-0041
DR4_3_STRIPE82-0041_0013981,0,1.14884657414373,6875_3575_STRIPE82-0041
DR4_3_STRIPE82-0041_0016316,0,1.14884657414373,6875_3575_STRIPE82-0041
DR4_3_STRIPE82-0041_0016907,0,1.15596353276387,5775_4125_STRIPE82-0041
DR4_3_STRIPE82-0041_0035345,0,1.15803770769322,6875_9075_STRIPE82-0041
DR4_3_STRIPE82-0041_0036275,0,1.70466207594213,6875_8525_STRIPE82-0041
DR4_3_STRIPE82-0041_0036988,0,2.08075486178597,6325_8525_STRIPE82-0041
DR4_3_STRIPE82-0042_0030820,0,1.15157295833695,6875_6325_STRIPE82-0042
DR4_3_STRIPE82-0041_0039684,0,1.16135273855707,5775_7975_STRIPE82-0041
DR4_3_STRIPE82-0042_0031400,0,1.16013087067879,5225_6325_STRIPE82-0042
DR4_3_STRIPE82-0042_0032701,0,1.89075642634172,6325_6875_STRIPE82-0042
DR4_3_STRIPE82-0042_0033376,0,1.26039025101,5775_6875_STRIPE82-0042
DR4_3_STRIPE82-0042_0035255,0,1.15299855963914,6875_6875_STRIPE82-0042
DR4_3_STRIPE82-0042_0036069,0,1.1840436351584,5775_7425_STRIPE82-0042
DR4_3_STRIPE82-0042_0044981,0,1.18217295841492,5775_7425_STRIPE82-0042
DR4_3_STRIPE82-0043_0015817,0,1.15057175640892,6875_3575_STRIPE82-0043
DR4_3_STRIPE82-0043_0018834,0,1.15090746416822,8525_4125_STRIPE82-0043
DR4_3_STRIPE82-0043_0018862,0,1.14987928620503,9075_3575_STRIPE82-0043
DR4_3_STRIPE82-0044_0011503,0,1.16342768238152,7975_3025_STRIPE82-0044
DR4_3_STRIPE82-0044_0012716,0,1.16496023314429,8525_3575_STRIPE82-0044
DR4_3_STRIPE82-0044_0012925,0,1.15005449371287,7425_3575_STRIPE82-0044
DR4_3_STRIPE82-0060_0017839,0,1.15724000013853,4125_5775_STRIPE82-0060
DR4_3_STRIPE82-0060_0019039,0,1.1536302902578,3575_6325_STRIPE82-0060
DR4_3_STRIPE82-0060_0026088,0,1.13105621676253,4125_6875_STRIPE82-0060
DR4_3_STRIPE82-0060_0027549,0,1.14098152970506,3575_6875_STRIPE82-0060
DR4_3_STRIPE82-0060_0027596,0,1.14098152970506,3575_6875_STRIPE82-0060
DR4_3_STRIPE82-0060_0027697,0,1.16885343365348,3025_7425_STRIPE82-0060
DR4_3_STRIPE82-0060_0028152,0,1.14098152970506,3575_6875_STRIPE82-0060
DR4_3_STRIPE82-0071_0006514,0,1.15142565042533,1925_2475_STRIPE82-0071
DR4_3_STRIPE82-0071_0009531,0,1.43109246721609,1925_3025_STRIPE82-0071
DR4_3_STRIPE82-0071_0012109,0,1.43109246721609,1925_3025_STRIPE82-0071
DR4_3_STRIPE82-0071_0025759,0,1.36599761319675,6325_9625_STRIPE82-0071
DR4_3_STRIPE82-0071_0026205,0,1.49134441609847,6325_9075_STRIPE82-0071
DR4_3_STRIPE82-0071_0027547,0,1.49134441609847,6325_9075_STRIPE82-0071
DR4_3_STRIPE82-0071_0030589,0,1.32249052606783,7975_9625_STRIPE82-0071
DR4_3_STRIPE82-0071_0032859,0,1.14969998356687,7425_8525_STRIPE82-0071
DR4_3_STRIPE82-0072_0015114,0,1.22704360177844,3025_3575_STRIPE82-0072
DR4_3_STRIPE82-0072_0019705,0,1.15370825022179,2475_4125_STRIPE82-0072
DR4_3_STRIPE82-0072_0021181,0,1.15370825022179,2475_4125_STRIPE82-0072
DR4_3_STRIPE82-0075_0009662,0,14.3002289463344,825_3025_STRIPE82-0075
DR4_3_STRIPE82-0077_0011627,0,1.14316803912085,10725_3025_STRIPE82-0077
DR4_3_STRIPE82-0077_0012938,0,1.14558108109615,10175_3025_STRIPE82-0077
DR4_3_STRIPE82-0079_0011365,0,1.14982262065211,5225_3575_STRIPE82-0079
DR4_3_STRIPE82-0079_0011439,0,1.14982262065211,5225_3575_STRIPE82-0079
DR4_3_STRIPE82-0079_0012621,0,1.15385078857781,5775_3575_STRIPE82-0079
DR4_3_STRIPE82-0079_0013427,0,1.45922693906064,5775_4125_STRIPE82-0079
DR4_3_STRIPE82-0044_0013990,0,1.18399945226345,7975_3575_STRIPE82-0044
DR4_3_STRIPE82-0079_0015160,0,1.45922693906064,5775_4125_STRIPE82-0079
DR4_3_STRIPE82-0084_0021137,0,1.24297589853298,9625_5775_STRIPE82-0084
DR4_3_STRIPE82-0084_0021209,0,1.5522116168417,8525_6325_STRIPE82-0084
DR4_3_STRIPE82-0084_0022833,0,1.14801116439446,9625_6325_STRIPE82-0084
DR4_3_STRIPE82-0107_0049194,0,1.16037205131947,5225_7425_STRIPE82-0107
DR4_3_STRIPE82-0107_0055735,0,1.15463673739067,6325_7975_STRIPE82-0107
DR4_3_STRIPE82-0107_0056522,0,1.20342964533456,5775_8525_STRIPE82-0107
DR4_3_STRIPE82-0113_0027744,0,1.18061087412932,4125_4675_STRIPE82-0113
DR4_3_STRIPE82-0113_0030762,0,1.14965229658438,3575_5225_STRIPE82-0113
DR4_3_STRIPE82-0113_0031076,0,1.16571314374025,4125_5225_STRIPE82-0113
DR4_3_STRIPE82-0113_0031870,0,1.16571314374025,4125_5225_STRIPE82-0113
DR4_3_STRIPE82-0113_0031975,0,1.17521694509712,4125_5225_STRIPE82-0113
DR4_3_STRIPE82-0113_0032775,0,1.16571314374025,4125_5225_STRIPE82-0113
DR4_3_STRIPE82-0113_0033646,0,1.19342632031033,3025_5225_STRIPE82-0113
DR4_3_STRIPE82-0113_0035419,0,1.15946546305116,4125_5775_STRIPE82-0113
DR4_3_STRIPE82-0129_0025922,0,1.15701970450638,7425_6325_STRIPE82-0129
DR4_3_STRIPE82-0129_0026590,0,1.15521985311091,6875_6325_STRIPE82-0129
DR4_3_STRIPE82-0129_0026615,0,1.15701970450638,7425_6325_STRIPE82-0129
DR4_3_STRIPE82-0129_0027369,0,1.16512862058167,7425_6325_STRIPE82-0129
DR4_3_STRIPE82-0129_0028391,0,1.16085684667648,7425_6875_STRIPE82-0129
DR4_3_STRIPE82-0129_0029480,0,1.96880563205253,6875_6875_STRIPE82-0129
DR4_3_STRIPE82-0129_0045426,0,1.15473632511316,6875_7425_STRIPE82-0129
DR4_3_STRIPE82-0139_0029813,0,1.15222723613298,8525_9625_STRIPE82-0139
DR4_3_STRIPE82-0139_0032424,0,1.15605162270867,8525_9075_STRIPE82-0139
DR4_3_STRIPE82-0160_0021054,0,1.18220882855327,7975_6325_STRIPE82-0160
DR4_3_STRIPE82-0160_0023912,0,1.15245218187992,6875_6875_STRIPE82-0160
DR4_3_STRIPE82-0160_0024966,0,2.29864558813017,7425_6875_STRIPE82-0160
DR4_3_STRIPE82-0160_0026955,0,1.19468494519747,7425_7425_STRIPE82-0160
DR4_3_STRIPE82-0161_0005738,0,1.22974697032285,2475_2475_STRIPE82-0161
DR4_3_STRIPE82-0161_0006224,0,1.15097301557847,1925_2475_STRIPE82-0161
DR4_3_STRIPE82-0161_0006672,0,1.22974697032285,2475_2475_STRIPE82-0161
DR4_3_STRIPE82-0161_0007138,0,1.15461394877442,2475_3025_STRIPE82-0161
DR4_3_STRIPE82-0161_0007467,0,1.14814442432049,1925_3025_STRIPE82-0161
DR4_3_STRIPE82-0161_0008457,0,1.15237133900534,2475_3025_STRIPE82-0161
DR4_3_STRIPE82-0161_0022319,0,1.15332708048523,4125_7425_STRIPE82-0161
DR4_3_STRIPE82-0161_0025100,0,1.18703046928503,2475_7975_STRIPE82-0161
DR4_3_STRIPE82-0161_0025265,0,1.15175322870714,1925_7975_STRIPE82-0161
DR4_3_STRIPE82-0161_0026265,0,1.13947967013555,3025_6875_STRIPE82-0161
DR4_3_STRIPE82-0161_0028699,0,1.15817898933318,2475_6875_STRIPE82-0161
DR4_3_STRIPE82-0161_0029644,0,1.28351091076034,3575_6325_STRIPE82-0161
DR4_3_STRIPE82-0161_0030946,0,1.14921406623354,5775_9625_STRIPE82-0161
DR4_3_STRIPE82-0162_0002235,0,1.18493673115462,6875_1375_STRIPE82-0162
DR4_3_STRIPE82-0162_0003905,0,1.14806143245734,7425_1375_STRIPE82-0162
DR4_3_STRIPE82-0162_0024577,0,19.7872055975519,1375_6325_STRIPE82-0162
DR4_3_STRIPE82-0162_0025757,0,23.8115577369053,1375_6875_STRIPE82-0162
DR4_3_STRIPE82-0162_0025857,0,23.8115577369053,1375_6875_STRIPE82-0162
DR4_3_STRIPE82-0163_0030951,0,1.15562549839114,3575_6875_STRIPE82-0163
DR4_3_STRIPE82-0163_0042193,0,1.82409256640776,3575_7975_STRIPE82-0163
DR4_3_STRIPE82-0163_0043337,0,1.15517871865707,3575_7425_STRIPE82-0163
DR4_3_STRIPE82-0163_0044542,0,1.15428959489235,4125_6875_STRIPE82-0163
DR4_3_STRIPE82-0164_0045358,0,1.15177822380669,9625_7425_STRIPE82-0164
DR4_3_STRIPE82-0165_0029648,0,1.93482385652807,9625_10175_STRIPE82-0165
DR4_3_STRIPE82-0166_0000952,0,138.814319169617,8525_825_STRIPE82-0166
DR4_3_STRIPE82-0166_0001802,0,1.14884167513447,8525_1375_STRIPE82-0166
DR4_3_STRIPE82-0166_0004295,0,1.14622735757459,9075_1375_STRIPE82-0166
DR4_3_STRIPE82-0166_0005745,0,1.1523160415297,9075_1925_STRIPE82-0166
DR4_3_STRIPE82-0170_0009016,0,1.15000164616543,5775_2475_STRIPE82-0170
DR4_3_STRIPE82-0170_0012380,0,1.15218709285688,5775_3025_STRIPE82-0170
DR4_3_STRIPE82-0170_0012528,0,2.19456279702904,5775_3575_STRIPE82-0170
DR4_3_STRIPE82-0170_0014319,0,2.19456279702904,5775_3575_STRIPE82-0170
DR4_3_STRIPE82-0170_0014691,0,1.29939193012714,6875_3575_STRIPE82-0170
DR4_3_STRIPE82-0170_0015619,0,1.15922971285639,5775_4125_STRIPE82-0170
DR4_3_STRIPE82-0004_0015032,0,1.14925368482807,2475_4125_STRIPE82-0004
DR4_3_STRIPE82-0004_0015402,0,1.14862888450199,3025_4125_STRIPE82-0004
DR4_3_STRIPE82-0004_0016290,0,1.14052456083702,3025_4125_STRIPE82-0004
DR4_3_STRIPE82-0005_0022052,0,1.13123641553505,9075_5775_STRIPE82-0005
DR4_3_STRIPE82-0007_0040112,0,1.15063681294891,7425_7975_STRIPE82-0007
DR4_3_STRIPE82-0016_0006132,0,1.1343793162494,7425_1375_STRIPE82-0016
DR4_3_STRIPE82-0022_0002491,0,1.16742260544422,5775_1375_STRIPE82-0022
DR4_3_STRIPE82-0029_0031610,0,1.1351079377493,2475_6325_STRIPE82-0029
DR4_3_STRIPE82-0042_0044474,0,1.1469129334276,5775_7425_STRIPE82-0042
DR4_3_STRIPE82-0071_0032251,0,3.80676515243222,7425_9625_STRIPE82-0071
DR4_3_STRIPE82-0079_0014823,0,1.14574019637668,5775_4125_STRIPE82-0079
DR4_3_STRIPE82-0011_0017784,0,1.18819422125159,1375_4675_STRIPE82-0011
DR4_3_STRIPE82-0011_0017925,0,1.18819422125159,1375_4675_STRIPE82-0011
DR4_3_STRIPE82-0162_0028367,0,28.328123454218,1375_7425_STRIPE82-0162
DR4_3_STRIPE82-0162_0041857,0,28.328123454218,1375_7425_STRIPE82-0162
DR4_3_STRIPE82-0071_0008786,0,1.43109246721609,1925_3025_STRIPE82-0071
DR4_3_STRIPE82-0029_0030955,0,1.14688154134461,2475_5775_STRIPE82-0029
DR4_3_STRIPE82-0029_0033271,0,2.82605737287653,2475_6325_STRIPE82-0029
DR4_3_STRIPE82-0072_0025064,0,1.85968247426717,3025_5225_STRIPE82-0072
DR4_3_STRIPE82-0020_0025014,0,1.15348597376185,3025_5775_STRIPE82-0020
DR4_3_STRIPE82-0020_0025116,0,1.15348597376185,3025_5775_STRIPE82-0020
DR4_3_STRIPE82-0161_0036973,0,1.15152268562684,3025_7425_STRIPE82-0161
DR4_3_STRIPE82-0017_0017309,0,1.14628012863752,4675_4675_STRIPE82-0017
DR4_3_STRIPE82-0022_0002833,0,1.60095255143288,5225_1375_STRIPE82-0022
DR4_3_STRIPE82-0022_0002993,0,1.15313521497783,5225_1925_STRIPE82-0022
DR4_3_STRIPE82-0163_0028870,0,1.36366259737028,5225_6875_STRIPE82-0163
DR4_3_STRIPE82-0022_0003041,0,1.16932259868139,5775_1925_STRIPE82-0022
DR4_3_STRIPE82-0022_0003476,0,1.16932259868139,5775_1925_STRIPE82-0022
DR4_3_STRIPE82-0079_0013990,0,1.45922693906064,5775_4125_STRIPE82-0079
DR4_3_STRIPE82-0079_0014900,0,1.45922693906064,5775_4125_STRIPE82-0079
DR4_3_STRIPE82-0042_0044677,0,1.1840436351584,5775_7425_STRIPE82-0042
DR4_3_STRIPE82-0042_0044791,0,1.1840436351584,5775_7425_STRIPE82-0042
DR4_3_STRIPE82-0042_0044972,0,1.1840436351584,5775_7425_STRIPE82-0042
DR4_3_STRIPE82-0107_0052602,0,1.17041731302309,5775_7975_STRIPE82-0107
DR4_3_STRIPE82-0041_0014430,0,1.22943046660612,6325_3575_STRIPE82-0041
DR4_3_STRIPE82-0041_0015947,0,1.22943046660612,6325_3575_STRIPE82-0041
DR4_3_STRIPE82-0004_0013875,0,1.16430934209221,6325_4125_STRIPE82-0004
DR4_3_STRIPE82-0004_0014151,0,1.16430934209221,6325_4125_STRIPE82-0004
DR4_3_STRIPE82-0004_0014227,0,1.16430934209221,6325_4125_STRIPE82-0004
DR4_3_STRIPE82-0004_0015388,0,1.16430934209221,6325_4125_STRIPE82-0004
DR4_3_STRIPE82-0079_0014779,0,1.16509584692384,6325_4125_STRIPE82-0079
DR4_3_STRIPE82-0041_0036741,0,1.20197815276394,6325_9075_STRIPE82-0041
DR4_3_STRIPE82-0041_0037934,0,1.20197815276394,6325_9075_STRIPE82-0041
DR4_3_STRIPE82-0071_0027690,0,1.31705065706913,6875_9625_STRIPE82-0071
DR4_3_STRIPE82-0016_0004584,0,1.15099319831102,7425_1375_STRIPE82-0016
DR4_3_STRIPE82-0162_0003241,0,1.15281982083545,7425_1925_STRIPE82-0162
DR4_3_STRIPE82-0162_0003481,0,1.15281982083545,7425_1925_STRIPE82-0162
DR4_3_STRIPE82-0162_0005262,0,1.15281982083545,7425_1925_STRIPE82-0162
DR4_3_STRIPE82-0160_0022080,0,1.15475077170829,7425_6325_STRIPE82-0160
DR4_3_STRIPE82-0160_0022163,0,1.15475077170829,7425_6325_STRIPE82-0160
DR4_3_STRIPE82-0160_0022360,0,1.15475077170829,7425_6325_STRIPE82-0160
DR4_3_STRIPE82-0129_0030109,0,1.16085684667648,7425_6875_STRIPE82-0129
DR4_3_STRIPE82-0007_0040330,0,1.15039525805016,7425_7975_STRIPE82-0007
DR4_3_STRIPE82-0007_0040670,0,1.15039525805016,7425_7975_STRIPE82-0007
DR4_3_STRIPE82-0043_0014684,0,1.15613724647995,7975_3025_STRIPE82-0043
DR4_3_STRIPE82-0043_0015662,0,1.15613724647995,7975_3025_STRIPE82-0043
DR4_3_STRIPE82-0043_0016313,0,1.15741481589126,7975_3575_STRIPE82-0043
DR4_3_STRIPE82-0044_0014335,0,1.17518144116338,7975_3575_STRIPE82-0044
DR4_3_STRIPE82-0027_0032222,0,3.86587522122078,7975_8525_STRIPE82-0027
DR4_3_STRIPE82-0166_0003143,0,1.14884167513447,8525_1375_STRIPE82-0166
DR4_3_STRIPE82-0166_0003170,0,1.14884167513447,8525_1375_STRIPE82-0166
DR4_3_STRIPE82-0166_0003306,0,1.14884167513447,8525_1375_STRIPE82-0166
DR4_3_STRIPE82-0166_0003580,0,1.14884167513447,8525_1375_STRIPE82-0166
DR4_3_STRIPE82-0166_0003623,0,1.14884167513447,8525_1375_STRIPE82-0166
DR4_3_STRIPE82-0166_0004722,0,1.14884167513447,8525_1375_STRIPE82-0166
DR4_3_STRIPE82-0073_0008728,0,1.14862987645302,8525_2475_STRIPE82-0073
DR4_3_STRIPE82-0084_0022133,0,1.5522116168417,8525_6325_STRIPE82-0084
DR4_3_STRIPE82-0084_0022376,0,1.5522116168417,8525_6325_STRIPE82-0084
DR4_3_STRIPE82-0009_0013339,0,1.15570855363448,9075_3025_STRIPE82-0009
DR4_3_STRIPE82-0009_0014307,0,1.15570855363448,9075_3025_STRIPE82-0009
DR4_3_STRIPE82-0009_0014634,0,1.15570855363448,9075_3025_STRIPE82-0009
DR4_3_STRIPE82-0005_0020738,0,1.16291550945782,9075_5775_STRIPE82-0005
DR4_3_STRIPE82-0005_0021903,0,1.15514722075031,9075_6325_STRIPE82-0005
DR4_3_STRIPE82-0005_0021904,0,1.15514722075031,9075_6325_STRIPE82-0005
DR4_3_STRIPE82-0005_0022015,0,1.15514722075031,9075_6325_STRIPE82-0005
DR4_3_STRIPE82-0005_0022425,0,1.15514722075031,9075_6325_STRIPE82-0005
DR4_3_STRIPE82-0084_0022098,0,1.28170271483935,9075_6325_STRIPE82-0084
DR4_3_STRIPE82-0139_0031699,0,1.21871033197335,9075_9075_STRIPE82-0139
DR4_3_STRIPE82-0139_0031974,0,1.21871033197335,9075_9075_STRIPE82-0139
DR4_3_STRIPE82-0139_0032022,0,1.21871033197335,9075_9075_STRIPE82-0139
DR4_3_STRIPE82-0139_0032453,0,1.21871033197335,9075_9075_STRIPE82-0139
DR4_3_STRIPE82-0166_0002057,0,1.14693622349666,9625_1375_STRIPE82-0166
DR4_3_STRIPE82-0166_0002297,0,1.14693622349666,9625_1375_STRIPE82-0166
DR4_3_STRIPE82-0166_0002867,0,1.14693622349666,9625_1375_STRIPE82-0166
DR4_3_STRIPE82-0005_0016395,1,1.17160191953538,9075_4675_STRIPE82-0005
DR4_3_STRIPE82-0005_0019126,1,1.16958695361673,8525_5775_STRIPE82-0005
DR4_3_STRIPE82-0016_0000799,1,36.6032989815454,7425_825_STRIPE82-0016
DR4_3_STRIPE82-0017_0013798,1,1.31176941759071,4125_3575_STRIPE82-0017
DR4_3_STRIPE82-0018_0000837,1,895.026913933734,4125_825_STRIPE82-0018
DR4_3_STRIPE82-0018_0000906,1,746.495333281741,4675_825_STRIPE82-0018
DR4_3_STRIPE82-0018_0001557,1,895.026913933734,4125_825_STRIPE82-0018
DR4_3_STRIPE82-0029_0034136,1,2.82605737287653,2475_6325_STRIPE82-0029
DR4_3_STRIPE82-0166_0000688,1,138.814319169617,8525_825_STRIPE82-0166
DR4_3_STRIPE82-0166_0001311,1,1307.10818305428,9625_825_STRIPE82-0166
DR4_3_STRIPE82-0005_0021998,1,1.13638997485281,9075_6325_STRIPE82-0005
DR4_3_STRIPE82-0029_0026563,1,1.16735587696448,1375_5225_STRIPE82-0029
DR4_3_STRIPE82-0042_0044529,1,1.15950922495506,5775_7975_STRIPE82-0042
DR4_3_STRIPE82-0071_0010476,1,1.14425206004161,1925_3575_STRIPE82-0071
DR4_3_STRIPE82-0072_0024680,1,1.13646210089883,3025_4675_STRIPE82-0072
DR4_3_STRIPE82-0077_0009296,1,1.15431810932523,10175_2475_STRIPE82-0077
DR4_3_STRIPE82-0129_0030413,1,1.15101209973582,7425_7425_STRIPE82-0129
DR4_3_STRIPE82-0129_0044886,1,1.15491162764042,7425_7425_STRIPE82-0129
DR4_3_STRIPE82-0161_0020448,1,1.1427472607061,1925_6325_STRIPE82-0161
DR4_3_STRIPE82-0011_0018866,1,1.18819422125159,1375_4675_STRIPE82-0011
DR4_3_STRIPE82-0029_0025511,1,1.18237768689615,1375_5225_STRIPE82-0029
DR4_3_STRIPE82-0071_0010394,1,1.43109246721609,1925_3025_STRIPE82-0071
DR4_3_STRIPE82-0029_0026675,1,1.43943231166516,1925_5225_STRIPE82-0029
DR4_3_STRIPE82-0161_0006441,1,1.22974697032285,2475_2475_STRIPE82-0161
DR4_3_STRIPE82-0020_0025660,1,1.15348597376185,3025_5775_STRIPE82-0020
DR4_3_STRIPE82-0072_0024325,1,1.14255734623249,3575_4675_STRIPE82-0072
DR4_3_STRIPE82-0163_0029096,1,1.15264942791335,4675_6875_STRIPE82-0163
DR4_3_STRIPE82-0163_0029670,1,1.15264942791335,4675_6875_STRIPE82-0163
DR4_3_STRIPE82-0163_0042538,1,1.15264942791335,4675_6875_STRIPE82-0163
DR4_3_STRIPE82-0170_0016524,1,2.19456279702904,5775_3575_STRIPE82-0170
DR4_3_STRIPE82-0107_0053720,1,1.17041731302309,5775_7975_STRIPE82-0107
DR4_3_STRIPE82-0107_0053979,1,1.15463673739067,6325_7975_STRIPE82-0107
DR4_3_STRIPE82-0041_0034921,1,1.20197815276394,6325_9075_STRIPE82-0041
DR4_3_STRIPE82-0071_0028025,1,1.31705065706913,6875_9625_STRIPE82-0071
DR4_3_STRIPE82-0007_0040451,1,1.15039525805016,7425_7975_STRIPE82-0007
DR4_3_STRIPE82-0071_0032403,1,1.72710541216482,7425_9625_STRIPE82-0071
DR4_3_STRIPE82-0027_0041768,1,3.86587522122078,7975_8525_STRIPE82-0027
DR4_3_STRIPE82-0077_0007624,1,1.15807164499854,10175_2475_STRIPE82-0077
DR4_3_STRIPE82-0077_0009029,1,1.15807164499854,10175_2475_STRIPE82-0077
DR4_3_STRIPE82-0046_0002306,0,1.1409136698796,8525_1925_STRIPE82-0046
DR4_3_STRIPE82-0046_0003466,0,1.19748385481622,6325_1925_STRIPE82-0046
DR4_3_STRIPE82-0046_0004066,0,1.1422686152596,9075_2475_STRIPE82-0046
DR4_3_STRIPE82-0046_0004927,0,1.15061231398515,6325_2475_STRIPE82-0046
DR4_3_STRIPE82-0046_0004961,0,1.21250856072529,7425_2475_STRIPE82-0046
DR4_3_STRIPE82-0046_0005009,0,1.14432601635957,8525_2475_STRIPE82-0046
DR4_3_STRIPE82-0046_0005049,0,1.14931470558784,7975_2475_STRIPE82-0046
DR4_3_STRIPE82-0046_0005239,0,1.21250856072529,7425_2475_STRIPE82-0046
DR4_3_STRIPE82-0046_0005597,0,1.15865239724254,6325_2475_STRIPE82-0046
DR4_3_STRIPE82-0046_0005975,0,1.21250856072529,7425_2475_STRIPE82-0046
DR4_3_STRIPE82-0046_0008243,0,1.15479971095138,6325_3025_STRIPE82-0046
DR4_3_STRIPE82-0046_0004107,0,1.21250856072529,7425_2475_STRIPE82-0046
DR4_3_STRIPE82-0046_0001081,1,3.472593252286,8525_1375_STRIPE82-0046
DR4_3_STRIPE82-0046_0000533,1,3.472593252286,8525_1375_STRIPE82-0046
DR4_3_STRIPE82-0046_0004038,1,1.21250856072529,7425_2475_STRIPE82-0046
DR4_3_STRIPE82-0046_0005729,1,1.21250856072529,7425_2475_STRIPE82-0046
DR4_3_STRIPE82-0141_0006722,0,1.14339889536279,5225_2475_STRIPE82-0141
DR4_3_STRIPE82-0141_0006779,0,1.1646506221272,4675_2475_STRIPE82-0141
DR4_3_STRIPE82-0141_0008562,0,1.14808971220429,5225_2475_STRIPE82-0141
DR4_3_STRIPE82-0141_0009758,0,1.27893715883495,5225_3025_STRIPE82-0141
DR4_3_STRIPE82-0141_0010582,0,1.27893715883495,5225_3025_STRIPE82-0141
DR4_3_STRIPE82-0141_0009081,0,1.15610064567789,5775_3025_STRIPE82-0141
DR4_3_STRIPE82-0141_0014732,0,1.4277430825475,5225_4125_STRIPE82-0141
DR4_3_STRIPE82-0141_0009549,0,1.15610064567789,5775_3025_STRIPE82-0141
DR4_3_STRIPE82-0139_0018185,0,1.76748601932736,9075_5225_STRIPE82-0139
DR4_3_STRIPE82-0139_0018955,0,1.76748601932736,9075_5225_STRIPE82-0139
DR4_3_STRIPE82-0139_0019154,0,1.76748601932736,9075_5225_STRIPE82-0139
DR4_3_STRIPE82-0139_0020009,0,1.76748601932736,9075_5225_STRIPE82-0139
DR4_3_STRIPE82-0139_0020786,0,1.14922995031799,8525_5775_STRIPE82-0139
DR4_3_STRIPE82-0139_0021709,0,1.14922995031799,8525_5775_STRIPE82-0139
DR4_3_STRIPE82-0139_0023594,0,1.15507752619138,8525_6325_STRIPE82-0139
DR4_3_STRIPE82-0139_0020442,0,1.14922995031799,8525_5775_STRIPE82-0139
DR4_3_STRIPE82-0139_0021430,1,1.14922995031799,8525_5775_STRIPE82-0139
DR4_3_STRIPE82-0139_0021693,1,1.14922995031799,8525_5775_STRIPE82-0139
DR4_3_STRIPE82-0105_0073068,2,1.81122071900639,7425_9625_STRIPE82-0105
DR4_3_STRIPE82-0105_0066905,0,1.15833489933622,7975_9625_STRIPE82-0105
DR4_3_STRIPE82-0105_0067053,0,1.81122071900639,7425_9625_STRIPE82-0105
DR4_3_STRIPE82-0105_0068480,0,1.17742540209745,7425_9075_STRIPE82-0105
DR4_3_STRIPE82-0105_0071448,0,1.15800374659511,7975_9075_STRIPE82-0105
DR4_3_STRIPE82-0105_0071715,0,1.17742540209745,7425_9075_STRIPE82-0105
DR4_3_STRIPE82-0105_0071928,0,1.17742540209745,7425_9075_STRIPE82-0105
DR4_3_STRIPE82-0105_0078069,0,1.17410035930117,6875_9625_STRIPE82-0105
DR4_3_STRIPE82-0105_0078234,0,2.03107453568365,7425_10175_STRIPE82-0105
DR4_3_STRIPE82-0106_0003744,0,1.15248255713428,7975_1375_STRIPE82-0106
DR4_3_STRIPE82-0106_0003003,0,1.16346889824789,7425_1375_STRIPE82-0106
DR4_3_STRIPE82-0105_0078698,0,1.81122071900639,7425_9625_STRIPE82-0105
DR4_3_STRIPE82-0105_0080225,0,1.81122071900639,7425_9625_STRIPE82-0105
DR4_3_STRIPE82-0105_0077522,1,2.84875643119252,6875_10175_STRIPE82-0105
DR4_3_STRIPE82-0105_0077063,1,1.81122071900639,7425_9625_STRIPE82-0105
DR4_3_STRIPE82-0023_0030780,0,2.11727456380591,6875_10175_STRIPE82-0023
DR4_3_STRIPE82-0023_0030551,0,2.11727456380591,6875_10175_STRIPE82-0023
DR4_3_STRIPE82-0023_0030994,0,1.16071600643988,6875_9625_STRIPE82-0023
DR4_3_STRIPE82-0023_0031302,0,2.11727456380591,6875_10175_STRIPE82-0023
DR4_3_STRIPE82-0023_0034513,0,1.82563269564886,6875_9075_STRIPE82-0023
DR4_3_STRIPE82-0023_0035288,0,1.82563269564886,6875_9075_STRIPE82-0023
DR4_3_STRIPE82-0023_0035997,0,1.82563269564886,6875_9075_STRIPE82-0023
DR4_3_STRIPE82-0023_0036504,0,1.17720921442627,7425_8525_STRIPE82-0023
DR4_3_STRIPE82-0023_0037618,0,1.1594866786758,6325_8525_STRIPE82-0023
DR4_3_STRIPE82-0023_0044347,0,2.03424227815878,7425_10175_STRIPE82-0023
DR4_3_STRIPE82-0024_0001022,0,1.16432017912819,6875_1375_STRIPE82-0024
DR4_3_STRIPE82-0023_0037078,0,1.15619018154617,6875_8525_STRIPE82-0023
DR4_3_STRIPE82-0023_0037501,0,1.15619018154617,6875_8525_STRIPE82-0023
DR4_3_STRIPE82-0023_0036918,1,1.15619018154617,6875_8525_STRIPE82-0023
DR4_3_STRIPE82-0058_0010074,0,1.13737371615715,5225_2475_STRIPE82-0058
DR4_3_STRIPE82-0058_0010569,0,1.3223555352888,6875_3025_STRIPE82-0058
DR4_3_STRIPE82-0058_0010586,0,1.52275084263633,5775_3025_STRIPE82-0058
DR4_3_STRIPE82-0058_0012273,0,1.15108048335219,6875_3575_STRIPE82-0058
DR4_3_STRIPE82-0058_0012692,0,1.15108048335219,6875_3575_STRIPE82-0058
DR4_3_STRIPE82-0058_0015418,0,1.16900456428857,5775_4125_STRIPE82-0058
DR4_3_STRIPE82-0058_0016041,0,1.1531950906985,5225_4125_STRIPE82-0058
DR4_3_STRIPE82-0058_0016303,0,1.30161156469174,4675_4125_STRIPE82-0058
DR4_3_STRIPE82-0058_0017080,0,1.16871736100369,4675_4675_STRIPE82-0058
DR4_3_STRIPE82-0058_0018844,0,1.16871736100369,4675_4675_STRIPE82-0058
DR4_3_STRIPE82-0058_0015743,0,1.1531950906985,5225_4125_STRIPE82-0058
DR4_3_STRIPE82-0058_0016402,1,1.1531950906985,5225_4125_STRIPE82-0058
DR4_3_STRIPE82-0058_0016484,1,1.1531950906985,5225_4125_STRIPE82-0058
DR4_3_STRIPE82-0063_0033942,2,1.15995100179042,6325_9075_STRIPE82-0063
DR4_3_STRIPE82-0063_0030183,0,2.52046924544875,9075_10175_STRIPE82-0063
DR4_3_STRIPE82-0063_0032112,0,1.15325388924605,5225_9625_STRIPE82-0063
DR4_3_STRIPE82-0063_0035944,0,1.16159700008168,4125_8525_STRIPE82-0063
DR4_3_STRIPE82-0063_0035755,0,1.15692544978442,6875_9075_STRIPE82-0063
DR4_3_STRIPE82-0063_0036725,0,1.50003542986014,9075_8525_STRIPE82-0063
DR4_3_STRIPE82-0063_0037168,0,1.50003542986014,9075_8525_STRIPE82-0063
DR4_3_STRIPE82-0063_0038027,0,1.16159700008168,4125_8525_STRIPE82-0063
DR4_3_STRIPE82-0069_0027142,0,1.32226064659317,1925_5775_STRIPE82-0069
DR4_3_STRIPE82-0069_0027298,0,1.13936690805538,2475_5775_STRIPE82-0069
DR4_3_STRIPE82-0069_0028554,0,1.32600604003682,1925_6325_STRIPE82-0069
DR4_3_STRIPE82-0069_0029285,0,1.14164172021504,1925_6325_STRIPE82-0069
DR4_3_STRIPE82-0069_0032021,0,1.1517424279245,2475_6875_STRIPE82-0069
DR4_3_STRIPE82-0069_0032931,0,1.1517424279245,2475_6875_STRIPE82-0069
DR4_3_STRIPE82-0069_0026797,0,1.32226064659317,1925_5775_STRIPE82-0069
DR4_3_STRIPE82-0069_0027477,0,1.19469257175358,3025_5775_STRIPE82-0069
DR4_3_STRIPE82-0069_0032996,0,1.32900402806095,3025_6875_STRIPE82-0069
DR4_3_STRIPE82-0069_0028349,0,1.51042242406483,3025_6325_STRIPE82-0069
DR4_3_STRIPE82-0069_0029076,0,1.51042242406483,3025_6325_STRIPE82-0069
DR4_3_STRIPE82-0069_0029464,0,1.51042242406483,3025_6325_STRIPE82-0069
